query	significant	p_value	term_size	query_size	intersection_size	precision	recall	term_id	source	term_name	effective_domain_size	source_order	intersection
CD4 Teff	TRUE	2.254572486083637e-8	71	235	22	0.09361702127659574	0.30985915492957744	GO:0071674	GO:BP	mononuclear cell migration	4951	17349	Lgals3,Dusp1,Anxa1,Plec,Csf1,Tnfsf11,Ccr2,Gpr183,Adam8,Cd47,Slamf1,Tbx21,Itgal,Dock8,Klrk1,Gata3,Hmgb1,Cxcr3,Coro1a,Wnk1,Cdc42,Jaml
CD4 Teff	TRUE	2.354896285053719e-7	493	235	59	0.251063829787234	0.11967545638945233	GO:0048870	GO:BP	cell motility	4951	13538	Vim,Lmna,Lgals3,S100a11,Cd44,Ifng,Dusp1,Iqgap1,Anxa1,Plec,Rgcc,Csf1,Klf4,Cxcr6,Anxa6,Myadm,Thy1,Tnfsf11,Ccr2,Gpr183,Tuba1a,Anxa5,Adam8,Cd47,Actb,Slamf1,Zeb2,Atp2b4,Furin,Itgb1,Tbx21,Tmsb4x,Itgal,Diaph1,Dock8,Klrk1,Gata3,Arf6,Tspo,Dnaja1,Hmgb1,Cxcr3,Arl13b,Gnai2,Coro1a,Arsb,Arpc2,Wnk1,Ctnna1,Cdc42,Pfn1,Cfl1,Ube2i,Ppib,Rhof,Rab11a,Tiam1,Jaml,Rap2a
CD4 Teff	TRUE	4.251697358560062e-7	235	235	38	0.16170212765957448	0.16170212765957448	GO:0009986	GO:CC	cell surface	4951	661	Lgals1,Cd44,S100a10,Ifng,Cd4,Ly6a,Cd28,Anxa1,Anxa2,Tnfrsf4,Cd2,Cd6,Cxcr6,Thy1,Ccr2,Anxa5,H2-D1,Cd40lg,Adam8,Ctla4,Capn2,Il2ra,Cd47,Slamf1,Pdcd1,Atpif1,Furin,Itgb1,Cd3g,Itgal,Klrk1,Nptn,Ctsb,Hmgb1,Trpv2,Cxcr3,Arsb,Arpc2
CD4 Teff	TRUE	6.839584924253337e-7	464	235	56	0.23829787234042554	0.1206896551724138	GO:0016477	GO:BP	cell migration	4951	5292	Vim,Lmna,Lgals3,S100a11,Cd44,Ifng,Dusp1,Iqgap1,Anxa1,Plec,Rgcc,Csf1,Klf4,Cxcr6,Anxa6,Myadm,Thy1,Tnfsf11,Ccr2,Gpr183,Tuba1a,Adam8,Cd47,Slamf1,Zeb2,Atp2b4,Furin,Itgb1,Tbx21,Tmsb4x,Itgal,Diaph1,Dock8,Klrk1,Gata3,Arf6,Tspo,Hmgb1,Cxcr3,Arl13b,Gnai2,Coro1a,Arsb,Arpc2,Wnk1,Ctnna1,Cdc42,Pfn1,Cfl1,Ube2i,Ppib,Rhof,Rab11a,Tiam1,Jaml,Rap2a
CD4 Teff	TRUE	1.18418471578906e-6	403	235	51	0.2170212765957447	0.12655086848635236	GO:0040011	GO:BP	locomotion	4951	10240	Vim,Lmna,S100a4,Lgals3,S100a11,Ifng,Dusp1,Iqgap1,Anxa1,Plec,Rgcc,Csf1,Klf4,Cxcr6,Myadm,Thy1,Tnfsf11,Ccr2,Gpr183,Anxa5,Adam8,Cd47,Slamf1,Zeb2,Atp2b4,Furin,Itgb1,Tmsb4x,Cmtm7,Diaph1,Dock8,Klrk1,Gata3,Arf6,Hmgb1,Cxcr3,Gnai2,Coro1a,Arsb,Arpc2,Wnk1,Ctnna1,Cdc42,Pfn1,Cfl1,Ube2i,Ppib,Rab11a,Tiam1,Jaml,Rap2a
CD4 Teff	TRUE	2.746863761929845e-5	136	235	26	0.11063829787234042	0.19117647058823528	GO:0050900	GO:BP	leukocyte migration	4951	13777	Lgals3,Ifng,Dusp1,Anxa1,Plec,Csf1,Thy1,Tnfsf11,Ccr2,Gpr183,Adam8,Cd47,Slamf1,Itgb1,Tbx21,Itgal,Dock8,Klrk1,Gata3,Hmgb1,Cxcr3,Coro1a,Wnk1,Cdc42,Ppib,Jaml
CD4 Teff	TRUE	3.1559345470312e-5	346	235	44	0.18723404255319148	0.12716763005780346	GO:2000145	GO:BP	regulation of cell motility	4951	26166	Vim,Lmna,Lgals3,S100a11,Ifng,Dusp1,Iqgap1,Anxa1,Rgcc,Csf1,Klf4,Myadm,Thy1,Ccr2,Gpr183,Anxa5,Adam8,Cd47,Slamf1,Zeb2,Atp2b4,Furin,Itgb1,Tmsb4x,Diaph1,Dock8,Klrk1,Gata3,Arf6,Hmgb1,Cxcr3,Gnai2,Coro1a,Arsb,Arpc2,Wnk1,Ctnna1,Cdc42,Pfn1,Cfl1,Ube2i,Rab11a,Tiam1,Rap2a
CD4 Teff	TRUE	4.287043259516193e-5	214	235	33	0.14042553191489363	0.1542056074766355	GO:0098552	GO:CC	side of membrane	4951	3188	S100a6,Ifng,Cd4,Ly6a,Cd28,Iqgap1,Atp2b1,Cd2,Cxcr6,Thy1,Cd52,Ccr2,Gng2,Anxa5,H2-D1,Cd40lg,Ctla4,Capn2,Il2ra,Traf1,Slamf1,Pdcd1,Itgb1,Gnb2,Cd3g,Itgal,Klrk1,Esyt1,Ctsb,Cxcr3,Gnai2,Nucb1,Gnb1
CD4 Teff	TRUE	6.067247272498831e-5	353	235	44	0.18723404255319148	0.12464589235127478	GO:0040012	GO:BP	regulation of locomotion	4951	10241	Vim,Lmna,Lgals3,S100a11,Ifng,Dusp1,Iqgap1,Anxa1,Rgcc,Csf1,Klf4,Myadm,Thy1,Ccr2,Gpr183,Anxa5,Adam8,Cd47,Slamf1,Zeb2,Atp2b4,Furin,Itgb1,Tmsb4x,Diaph1,Dock8,Klrk1,Gata3,Arf6,Hmgb1,Cxcr3,Gnai2,Coro1a,Arsb,Arpc2,Wnk1,Ctnna1,Cdc42,Pfn1,Cfl1,Ube2i,Rab11a,Tiam1,Rap2a
CD4 Teff	TRUE	9.284120979288939e-5	398	235	47	0.2	0.11809045226130653	GO:0007155	GO:BP	cell adhesion	4951	2750	Lgals1,Cd44,S100a10,Ifng,Cd4,Rbpj,Cd28,Dusp1,Iqgap1,Anxa1,Rgcc,Cd2,Csf1,Cd6,Klf4,Myadm,Thy1,Tnfsf11,Ccr2,Zyx,Ndfip1,H2-D1,Cd40lg,Adam8,Ctla4,Il2ra,Cd47,Actb,Slamf1,Itgb1,Tbx21,Itgal,Dock8,Nptn,Gata3,Pkp3,Hmgb1,Cxcr3,Ezr,Coro1a,Arpc2,Wnk1,Ctnna1,Cdc42,Cfl1,Tiam1,Jaml
CD4 Teff	TRUE	2.2787382166458085e-4	160	235	27	0.1148936170212766	0.16875	GO:0031252	GO:CC	cell leading edge	4951	1074	Vim,S100a11,Cd44,S100a6,Iqgap1,Samsn1,Atp2b1,Anxa2,Sh3bgrl3,Myadm,Thy1,Raph1,Actb,Itgb1,Diaph1,Dock8,Arf6,Trpv2,Ezr,Coro1a,Arpc2,Ctnna1,Cdc42,Cfl1,Actr2,Ywhaz,Tiam1
CD4 Teff	TRUE	2.572374523092193e-4	278	235	37	0.1574468085106383	0.13309352517985612	GO:0098609	GO:BP	cell-cell adhesion	4951	19347	Lgals1,Cd44,Ifng,Cd4,Cd28,Anxa1,Rgcc,Cd2,Cd6,Klf4,Myadm,Thy1,Tnfsf11,Ccr2,Ndfip1,H2-D1,Cd40lg,Adam8,Ctla4,Il2ra,Cd47,Actb,Slamf1,Itgb1,Tbx21,Itgal,Dock8,Nptn,Gata3,Pkp3,Hmgb1,Ezr,Coro1a,Wnk1,Ctnna1,Cdc42,Jaml
CD4 Teff	TRUE	2.7285512083986103e-4	330	235	41	0.17446808510638298	0.12424242424242424	GO:0030334	GO:BP	regulation of cell migration	4951	7017	Vim,Lmna,Lgals3,S100a11,Ifng,Dusp1,Iqgap1,Anxa1,Rgcc,Csf1,Klf4,Myadm,Thy1,Ccr2,Gpr183,Adam8,Cd47,Slamf1,Zeb2,Atp2b4,Furin,Itgb1,Tmsb4x,Diaph1,Dock8,Klrk1,Gata3,Arf6,Hmgb1,Cxcr3,Gnai2,Coro1a,Arsb,Arpc2,Wnk1,Cdc42,Pfn1,Ube2i,Rab11a,Tiam1,Rap2a
CD4 Teff	TRUE	3.979329512823415e-4	308	235	39	0.16595744680851063	0.1266233766233766	GO:0030155	GO:BP	regulation of cell adhesion	4951	6925	Lgals1,Cd44,S100a10,Ifng,Cd4,Rbpj,Cd28,Dusp1,Iqgap1,Anxa1,Rgcc,Csf1,Cd6,Klf4,Myadm,Thy1,Tnfsf11,Ccr2,Ndfip1,H2-D1,Cd40lg,Adam8,Ctla4,Il2ra,Cd47,Actb,Slamf1,Itgb1,Tbx21,Itgal,Dock8,Gata3,Hmgb1,Cxcr3,Coro1a,Arpc2,Wnk1,Cdc42,Cfl1
CD4 Teff	TRUE	4.992848736938935e-4	104	235	21	0.08936170212765958	0.20192307692307693	GO:0045121	GO:CC	membrane raft	4951	2130	Ahnak,S100a10,Cd4,Anxa2,Myadm,Thy1,Tuba1b,Ctsd,Tuba1a,Capn2,Slc2a3,Actb,Atp2b4,Furin,Itgb1,Orai1,Ctsb,Hmgb1,Lcp2,Ezr,Ctnna1
CD4 Teff	TRUE	4.992848736938935e-4	104	235	21	0.08936170212765958	0.20192307692307693	GO:0098857	GO:CC	membrane microdomain	4951	3289	Ahnak,S100a10,Cd4,Anxa2,Myadm,Thy1,Tuba1b,Ctsd,Tuba1a,Capn2,Slc2a3,Actb,Atp2b4,Furin,Itgb1,Orai1,Ctsb,Hmgb1,Lcp2,Ezr,Ctnna1
CD4 Teff	TRUE	5.870453516076152e-4	178	235	28	0.11914893617021277	0.15730337078651685	REAC:R-MMU-109582	REAC	Hemostasis	4951	637	S100a10,Tagln2,Atp2b1,Anxa2,Tuba1b,Gng2,Tuba1a,Anxa5,Cd47,Atp2b4,Itgb1,Tmsb4x,Gnb2,Itgal,Dock8,Rap1a,Gata3,Srgn,Lcp2,Tubb4b,Gnai2,Cdc42,Capza2,Gnb1,Ywhaz,Jaml,H3f3b,Hmg20b
CD4 Teff	TRUE	7.383527178502363e-4	276	235	36	0.15319148936170213	0.13043478260869565	GO:0098590	GO:CC	plasma membrane region	4951	3217	Cd44,Iqgap1,Atp2b1,Anxa1,Anxa2,Sh3bgrl3,Plec,Anxa6,Thy1,Hip1,Slc2a3,Atp2b4,Itgb1,Syt11,Tpm3,Diaph1,Orai1,Dock8,Nptn,Arf6,Ctsb,Lcp2,Arl13b,Birc5,Ezr,Arpc2,Ctnna1,Cyba,Cdc42,Kcnn4,Cfl1,Gnb1,Rab11a,Pcmt1,Tiam1,Rap2a
CD4 Teff	TRUE	8.685320083814187e-4	216	235	31	0.13191489361702127	0.14351851851851852	GO:0040017	GO:BP	positive regulation of locomotion	4951	10246	Lgals3,S100a11,Ifng,Iqgap1,Anxa1,Csf1,Myadm,Thy1,Ccr2,Adam8,Cd47,Slamf1,Furin,Itgb1,Tmsb4x,Diaph1,Dock8,Gata3,Arf6,Hmgb1,Cxcr3,Gnai2,Coro1a,Arpc2,Wnk1,Cdc42,Pfn1,Cfl1,Ube2i,Rab11a,Tiam1
CD4 Teff	TRUE	0.0012136282575208692	119	235	22	0.09361702127659574	0.18487394957983194	GO:0009897	GO:CC	external side of plasma membrane	4951	654	Ifng,Cd4,Ly6a,Cd28,Cd2,Cxcr6,Thy1,Ccr2,Anxa5,H2-D1,Cd40lg,Ctla4,Capn2,Il2ra,Slamf1,Pdcd1,Itgb1,Cd3g,Itgal,Klrk1,Ctsb,Cxcr3
CD4 Teff	TRUE	0.0015099817000498008	82	235	18	0.07659574468085106	0.21951219512195122	GO:0030595	GO:BP	leukocyte chemotaxis	4951	7098	Lgals3,Ifng,Dusp1,Anxa1,Plec,Csf1,Tnfsf11,Ccr2,Gpr183,Adam8,Slamf1,Klrk1,Hmgb1,Cxcr3,Coro1a,Wnk1,Ppib,Jaml
CD4 Teff	TRUE	0.0017571316146978186	247	235	33	0.14042553191489363	0.13360323886639677	GO:0002694	GO:BP	regulation of leukocyte activation	4951	1219	Lgals3,Lgals1,Ifng,Id2,Cd4,Cd28,Samsn1,Anxa1,Cd6,Thy1,Jund,Tnfsf11,Ccr2,Gpr183,Ndfip1,H2-D1,Cd40lg,Adam8,Ctla4,Il2ra,Cd47,Rora,Actb,Slamf1,Tbx21,Syt11,Itgal,Dock8,Klrk1,Gata3,Hmgb1,Coro1a,Nsd2
CD4 Teff	TRUE	0.0020827460743120885	200	235	29	0.12340425531914893	0.145	GO:0007159	GO:BP	leukocyte cell-cell adhesion	4951	2754	Lgals1,Cd44,Ifng,Cd4,Cd28,Anxa1,Cd6,Klf4,Thy1,Tnfsf11,Ccr2,Ndfip1,H2-D1,Cd40lg,Adam8,Ctla4,Il2ra,Cd47,Actb,Slamf1,Itgb1,Tbx21,Itgal,Dock8,Gata3,Hmgb1,Ezr,Coro1a,Wnk1
CD4 Teff	TRUE	0.002104109428043017	212	235	30	0.1276595744680851	0.14150943396226415	GO:0045785	GO:BP	positive regulation of cell adhesion	4951	12013	Lgals1,Cd44,S100a10,Ifng,Cd4,Cd28,Iqgap1,Anxa1,Csf1,Cd6,Myadm,Thy1,Tnfsf11,Ccr2,H2-D1,Cd40lg,Adam8,Il2ra,Cd47,Actb,Slamf1,Itgb1,Itgal,Dock8,Gata3,Hmgb1,Coro1a,Arpc2,Cdc42,Cfl1
CD4 Teff	TRUE	0.002104109428043017	212	235	30	0.1276595744680851	0.14150943396226415	GO:2000147	GO:BP	positive regulation of cell motility	4951	26168	Lgals3,S100a11,Ifng,Iqgap1,Anxa1,Csf1,Myadm,Thy1,Ccr2,Adam8,Cd47,Slamf1,Furin,Itgb1,Tmsb4x,Diaph1,Dock8,Gata3,Arf6,Hmgb1,Gnai2,Coro1a,Arpc2,Wnk1,Cdc42,Pfn1,Cfl1,Ube2i,Rab11a,Tiam1
CD4 Teff	TRUE	0.0028784926850336655	168	235	26	0.11063829787234042	0.15476190476190477	GO:0002696	GO:BP	positive regulation of leukocyte activation	4951	1221	Lgals1,Ifng,Cd4,Cd28,Anxa1,Cd6,Thy1,Jund,Tnfsf11,Ccr2,Gpr183,H2-D1,Cd40lg,Adam8,Il2ra,Cd47,Actb,Slamf1,Tbx21,Itgal,Dock8,Klrk1,Gata3,Hmgb1,Coro1a,Nsd2
CD4 Teff	TRUE	0.003226753383157427	105	235	20	0.0851063829787234	0.19047619047619047	GO:0060326	GO:BP	cell chemotaxis	4951	15004	Lgals3,Ifng,Dusp1,Anxa1,Plec,Csf1,Cxcr6,Tnfsf11,Ccr2,Gpr183,Adam8,Slamf1,Klrk1,Hmgb1,Cxcr3,Coro1a,Wnk1,Ppib,Tiam1,Jaml
CD4 Teff	TRUE	0.0036437225573109594	205	235	29	0.12340425531914893	0.14146341463414633	GO:0030335	GO:BP	positive regulation of cell migration	4951	7018	Lgals3,S100a11,Ifng,Iqgap1,Anxa1,Csf1,Myadm,Thy1,Ccr2,Adam8,Cd47,Slamf1,Furin,Itgb1,Tmsb4x,Diaph1,Dock8,Gata3,Arf6,Hmgb1,Gnai2,Coro1a,Arpc2,Wnk1,Cdc42,Pfn1,Ube2i,Rab11a,Tiam1
CD4 Teff	TRUE	0.004031757052897403	447	235	47	0.2	0.10514541387024609	GO:0051094	GO:BP	positive regulation of developmental process	4951	13928	Vim,Lmna,Ifng,Id2,Cd4,Rbpj,Cd28,Iqgap1,Clic1,Atp2b1,Anxa1,Rgcc,Csf1,Klf4,Jund,Tnfsf11,Ccr2,Runx2,Cd40lg,Adam8,Capn2,Il2ra,Actb,Zeb2,Itgb1,Tbx21,Tmsb4x,Rap1a,Nptn,Gata3,Tspo,Ybx3,Hmgb1,Trpv2,Cxcr3,Ezh2,Metrnl,Ezr,Wnk1,Nsd2,Cfl1,Ppib,Sh3glb1,B4galt5,Actr2,Tiam1,Hmg20b
CD4 Teff	TRUE	0.0043974273437148515	183	235	27	0.1148936170212766	0.14754098360655737	GO:1903037	GO:BP	regulation of leukocyte cell-cell adhesion	4951	23291	Lgals1,Cd44,Ifng,Cd4,Cd28,Anxa1,Cd6,Klf4,Thy1,Tnfsf11,Ccr2,Ndfip1,H2-D1,Cd40lg,Adam8,Ctla4,Il2ra,Cd47,Actb,Slamf1,Tbx21,Itgal,Dock8,Gata3,Hmgb1,Coro1a,Wnk1
CD4 Teff	TRUE	0.005310274575991833	173	235	26	0.11063829787234042	0.15028901734104047	GO:0050867	GO:BP	positive regulation of cell activation	4951	13750	Lgals1,Ifng,Cd4,Cd28,Anxa1,Cd6,Thy1,Jund,Tnfsf11,Ccr2,Gpr183,H2-D1,Cd40lg,Adam8,Il2ra,Cd47,Actb,Slamf1,Tbx21,Itgal,Dock8,Klrk1,Gata3,Hmgb1,Coro1a,Nsd2
CD4 Teff	TRUE	0.006576428490021394	425	235	45	0.19148936170212766	0.10588235294117647	GO:0045321	GO:BP	leukocyte activation	4951	11749	Lgals3,Lgals1,Cd44,Ifng,Id2,Cd4,Rbpj,Cd28,Samsn1,Anxa1,Tnfrsf4,Cd2,Cd6,Thy1,Jund,Tnfsf11,Ccr2,Runx2,Gpr183,Ndfip1,H2-D1,Cd40lg,Adam8,Ctla4,Il2ra,Cd47,Rora,Actb,Slamf1,Tbx21,Syt11,Cd3g,Cmtm7,Itgal,Themis,Dock8,Klrk1,Gata3,Hmgb1,Ezh2,Lcp2,Coro1a,Nsd2,Ywhaz,Jaml
CD4 Teff	TRUE	0.006685305112525852	248	235	32	0.13617021276595745	0.12903225806451613	GO:0006954	GO:BP	inflammatory response	4951	2616	Lgals1,Ifng,Rbpj,Cd28,Anxa1,Tnfrsf4,Csf1,Cd6,Cxcr6,Tnfsf11,Ccr2,Ndfip1,H2-D1,Cd40lg,Adam8,Nfkbia,Il2ra,Cd47,Rora,Tspan2,Slamf1,Zeb2,Itgb1,Syt11,Gata3,Pld3,Hmgb1,Cxcr3,Ezh2,Metrnl,Cyba,Ywhaz
CD4 Teff	TRUE	0.008471304979164927	132	235	22	0.09361702127659574	0.16666666666666666	GO:0006935	GO:BP	chemotaxis	4951	2604	S100a4,Lgals3,Ifng,Dusp1,Anxa1,Plec,Csf1,Cxcr6,Tnfsf11,Ccr2,Gpr183,Adam8,Slamf1,Cmtm7,Klrk1,Hmgb1,Cxcr3,Coro1a,Wnk1,Ppib,Tiam1,Jaml
CD4 Teff	TRUE	0.008471304979164927	132	235	22	0.09361702127659574	0.16666666666666666	GO:0042330	GO:BP	taxis	4951	10442	S100a4,Lgals3,Ifng,Dusp1,Anxa1,Plec,Csf1,Cxcr6,Tnfsf11,Ccr2,Gpr183,Adam8,Slamf1,Cmtm7,Klrk1,Hmgb1,Cxcr3,Coro1a,Wnk1,Ppib,Tiam1,Jaml
CD4 Teff	TRUE	0.008983859516528666	264	235	33	0.14042553191489363	0.125	GO:0050865	GO:BP	regulation of cell activation	4951	13748	Lgals3,Lgals1,Ifng,Id2,Cd4,Cd28,Samsn1,Anxa1,Cd6,Thy1,Jund,Tnfsf11,Ccr2,Gpr183,Ndfip1,H2-D1,Cd40lg,Adam8,Ctla4,Il2ra,Cd47,Rora,Actb,Slamf1,Tbx21,Syt11,Itgal,Dock8,Klrk1,Gata3,Hmgb1,Coro1a,Nsd2
CD4 Teff	TRUE	0.011913299598452266	463	235	47	0.2	0.10151187904967603	GO:0001775	GO:BP	cell activation	4951	445	Lgals3,Lgals1,Cd44,Ifng,Id2,Cd4,Rbpj,Cd28,Samsn1,Anxa1,Tnfrsf4,Rgcc,Cd2,Cd6,Thy1,Jund,Tnfsf11,Ccr2,Runx2,Gpr183,Ndfip1,H2-D1,Cd40lg,Adam8,Ctla4,Il2ra,Cd47,Rora,Actb,Slamf1,Zeb2,Tbx21,Syt11,Cd3g,Cmtm7,Itgal,Themis,Dock8,Klrk1,Gata3,Hmgb1,Ezh2,Lcp2,Coro1a,Nsd2,Ywhaz,Jaml
CD4 Teff	TRUE	0.012873918706353554	217	235	29	0.12340425531914893	0.1336405529953917	GO:0022407	GO:BP	regulation of cell-cell adhesion	4951	6835	Lgals1,Cd44,Ifng,Cd4,Cd28,Anxa1,Rgcc,Cd6,Klf4,Myadm,Thy1,Tnfsf11,Ccr2,Ndfip1,H2-D1,Cd40lg,Adam8,Ctla4,Il2ra,Cd47,Actb,Slamf1,Tbx21,Itgal,Dock8,Gata3,Hmgb1,Coro1a,Wnk1
CD4 Teff	TRUE	0.014547119988139887	496	235	49	0.20851063829787234	0.09879032258064516	GO:0022008	GO:BP	neurogenesis	4951	6799	Vim,Lgals1,S100a10,Ifng,Id2,Rbpj,Bhlhe40,Iqgap1,Anxa1,Anxa2,Plec,Csf1,Klf4,Thy1,Raph1,Ccr2,Runx2,Gpr183,Tuba1a,H2-D1,Rora,Ubb,Tspan2,Actb,Zeb2,Itgb1,Diaph1,Rap1a,Nptn,Gata3,Arf6,Tspo,Trpv2,Ezh2,Arsb,Hipk1,Ctnna1,Cdc42,Cfl1,Sh3glb1,B4galt5,Actr2,Ywhaz,Rab11a,Tiam1,Rap2a,Dennd5a,Camk2g,Hmg20b
CD4 Teff	TRUE	0.01564735503416336	159	235	24	0.10212765957446808	0.1509433962264151	GO:0051251	GO:BP	positive regulation of lymphocyte activation	4951	14046	Lgals1,Ifng,Cd4,Cd28,Anxa1,Cd6,Thy1,Tnfsf11,Ccr2,Gpr183,H2-D1,Cd40lg,Adam8,Il2ra,Cd47,Actb,Slamf1,Tbx21,Itgal,Dock8,Gata3,Hmgb1,Coro1a,Nsd2
CD4 Teff	TRUE	0.01605051356173264	438	235	45	0.19148936170212766	0.10273972602739725	GO:0007010	GO:BP	cytoskeleton organization	4951	2653	Vim,Lmna,S100a10,Tagln2,Iqgap1,Anxa1,Sh3bgrl3,Plec,Rgcc,Fam110a,Myadm,Thy1,Tuba1b,Gapdh,Zyx,Tuba1a,Pclaf,Cd47,Hip1,Actb,Plk3,Zeb2,Itgb1,Tmsb4x,Tpm3,Diaph1,Ncor1,Arf6,Tbcb,Tubb4b,Birc5,Ezr,Coro1a,Arpc2,Cdc42,Pfn1,Cfl1,Chmp2a,Capza2,Rhof,Sugt1,Actr2,Rab11a,Rap2a,Ckap5
CD4 Teff	TRUE	0.019679777260234826	383	235	41	0.17446808510638298	0.10704960835509138	GO:0046649	GO:BP	lymphocyte activation	4951	12692	Lgals3,Lgals1,Cd44,Ifng,Id2,Cd4,Rbpj,Cd28,Samsn1,Anxa1,Tnfrsf4,Cd2,Cd6,Thy1,Tnfsf11,Ccr2,Runx2,Gpr183,Ndfip1,H2-D1,Cd40lg,Adam8,Ctla4,Il2ra,Cd47,Rora,Actb,Slamf1,Tbx21,Cd3g,Cmtm7,Itgal,Themis,Dock8,Klrk1,Gata3,Hmgb1,Ezh2,Coro1a,Nsd2,Jaml
CD4 Teff	TRUE	0.020448826794360643	43	235	12	0.05106382978723404	0.27906976744186046	GO:0098685	GO:CC	Schaffer collateral - CA1 synapse	4951	3243	Hip1,Actb,Itgb1,Syt11,Nptn,Srgn,Eea1,Arpc2,Cdc42,Pfn1,Rab11a,Rap2a
CD4 Teff	TRUE	0.021534122542617187	328	235	37	0.1574468085106383	0.11280487804878049	GO:0008284	GO:BP	positive regulation of cell population proliferation	4951	3186	Vim,Ifng,Id2,Cd4,Rbpj,Cd28,Anxa1,Anxa2,Crip2,Csf1,Cd6,Atf3,S100a13,Anp32b,Ccr2,Runx2,Gpr183,H2-D1,Cd40lg,Il2ra,Cd47,Actb,Slamf1,Itgb1,Odc1,Itgal,Tspo,Hmgb1,Cxcr3,Ezh2,Gnai2,Coro1a,Hipk1,Cyba,Cdc42,Tiam1,Jaml
CD4 Teff	TRUE	0.026040228164726686	303	235	35	0.14893617021276595	0.11551155115511551	GO:0005576	GO:CC	extracellular region	4951	198	S100a4,Lgals1,S100a11,Ahnak,S100a10,Ifng,Txn1,Clic1,Anxa1,Anxa2,Cd2,Csf1,S100a13,Tnfsf11,Ctsd,Anxa5,Ndfip1,H2-D1,Cd40lg,Cd47,Furin,Cmtm7,Srgn,Ctsb,Hmgb1,Metrnl,Mdfic,Ybx1,Glipr1,Pfn1,Cfl1,Nucb1,Rab11a,Pcmt1,Ggh
CD4 Teff	TRUE	0.027905608018992528	141	235	22	0.09361702127659574	0.15602836879432624	GO:0003779	GO:MF	actin binding	4951	361	S100a4,Tagln2,Iqgap1,Plec,Anxa6,Capg,Hip1,Fxyd5,Itgb1,Cobll1,Tmsb4x,Tpm3,Diaph1,Ezr,Coro1a,Arpc2,Ctnna1,Pfn1,Cfl1,Capza2,Actr2,Coro2a
CD4 Teff	TRUE	0.030994072987341373	226	235	29	0.12340425531914893	0.12831858407079647	GO:0044297	GO:CC	cell body	4951	2050	Vim,Ifng,Txn1,Atp2b1,Thy1,Ccr2,Anxa5,Cd40lg,Capn2,Ubb,Slc2a3,Plk3,Glrx,Tbx21,Syt11,Gnb2,Trpv2,Ezr,Gnai2,Arpc2,Ybx1,Cyba,Cdc42,Kcnn4,Cfl1,Sh3glb1,Gnb1,Pcmt1,Tiam1
CD4 Teff	TRUE	0.03583271011927217	143	235	22	0.09361702127659574	0.15384615384615385	GO:1903039	GO:BP	positive regulation of leukocyte cell-cell adhesion	4951	23293	Lgals1,Cd44,Ifng,Cd4,Cd28,Anxa1,Cd6,Thy1,Tnfsf11,Ccr2,H2-D1,Cd40lg,Adam8,Il2ra,Cd47,Actb,Slamf1,Itgal,Dock8,Gata3,Hmgb1,Coro1a
CD4 Teff	TRUE	0.0367361431213227	132	235	21	0.08936170212765958	0.1590909090909091	GO:0050870	GO:BP	positive regulation of T cell activation	4951	13753	Lgals1,Ifng,Cd4,Cd28,Anxa1,Cd6,Thy1,Tnfsf11,Ccr2,H2-D1,Cd40lg,Adam8,Il2ra,Cd47,Actb,Slamf1,Itgal,Dock8,Gata3,Hmgb1,Coro1a
CD4 Teff	TRUE	0.03740083504128674	228	235	29	0.12340425531914893	0.12719298245614036	GO:0120035	GO:BP	regulation of plasma membrane bounded cell projection organization	4951	20034	Vim,Lgals1,Cd44,Iqgap1,Klf4,Thy1,H2-D1,Zeb2,Itgb1,Diaph1,Rap1a,Nptn,Gata3,Arf6,Trpv2,Ezh2,Ezr,Arsb,Arpc2,Cdc42,Pfn1,Cfl1,Sh3glb1,Actr2,Rab11a,Tiam1,Rap2a,Dennd5a,Camk2g
CD4 Teff	TRUE	0.04501640020901494	230	235	29	0.12340425531914893	0.12608695652173912	GO:0031344	GO:BP	regulation of cell projection organization	4951	7392	Vim,Lgals1,Cd44,Iqgap1,Klf4,Thy1,H2-D1,Zeb2,Itgb1,Diaph1,Rap1a,Nptn,Gata3,Arf6,Trpv2,Ezh2,Ezr,Arsb,Arpc2,Cdc42,Pfn1,Cfl1,Sh3glb1,Actr2,Rab11a,Tiam1,Rap2a,Dennd5a,Camk2g
CD4 Teff	TRUE	0.04934060674607355	231	235	29	0.12340425531914893	0.12554112554112554	GO:0051249	GO:BP	regulation of lymphocyte activation	4951	14044	Lgals3,Lgals1,Ifng,Id2,Cd4,Cd28,Samsn1,Anxa1,Cd6,Thy1,Tnfsf11,Ccr2,Gpr183,Ndfip1,H2-D1,Cd40lg,Adam8,Ctla4,Il2ra,Cd47,Actb,Slamf1,Tbx21,Itgal,Dock8,Gata3,Hmgb1,Coro1a,Nsd2
CD4 naive	TRUE	1.1308104272165016e-11	75	31	11	0.3548387096774194	0.14666666666666667	WP:WP163	WP	Cytoplasmic ribosomal proteins	4951	46	Rps29,Rpl7,Rpl12,Rps24,Rps20,Rps8,Rps16,Rps7,Rps28,Rps14,Rpl19
CD4 naive	TRUE	1.8525240941611535e-9	86	31	12	0.3870967741935484	0.13953488372093023	REAC:R-MMU-1799339	REAC	SRP-dependent cotranslational protein targeting to membrane	4951	1345	Rpl5,Rps29,Rpl7,Rpl12,Rps24,Rps20,Rps8,Rps16,Rps7,Rps28,Rps14,Rpl19
CD4 naive	TRUE	2.4703715644348684e-9	88	31	12	0.3870967741935484	0.13636363636363635	REAC:R-MMU-975956	REAC	Nonsense Mediated Decay (NMD) independent of the Exon Junction Complex (EJC)	4951	947	Rpl5,Rps29,Rpl7,Rpl12,Rps24,Rps20,Rps8,Rps16,Rps7,Rps28,Rps14,Rpl19
CD4 naive	TRUE	7.300386779763041e-9	96	31	12	0.3870967741935484	0.125	REAC:R-MMU-72689	REAC	Formation of a pool of free 40S subunits	4951	510	Rpl5,Rps29,Rpl7,Rpl12,Rps24,Rps20,Rps8,Rps16,Rps7,Rps28,Rps14,Rpl19
CD4 naive	TRUE	2.2079304704838267e-8	105	31	12	0.3870967741935484	0.11428571428571428	REAC:R-MMU-927802	REAC	Nonsense-Mediated Decay (NMD)	4951	948	Rpl5,Rps29,Rpl7,Rpl12,Rps24,Rps20,Rps8,Rps16,Rps7,Rps28,Rps14,Rpl19
CD4 naive	TRUE	2.2079304704838267e-8	105	31	12	0.3870967741935484	0.11428571428571428	REAC:R-MMU-975957	REAC	Nonsense Mediated Decay (NMD) enhanced by the Exon Junction Complex (EJC)	4951	946	Rpl5,Rps29,Rpl7,Rpl12,Rps24,Rps20,Rps8,Rps16,Rps7,Rps28,Rps14,Rpl19
CD4 naive	TRUE	2.4808140265970974e-8	106	31	12	0.3870967741935484	0.11320754716981132	REAC:R-MMU-156827	REAC	L13a-mediated translational silencing of Ceruloplasmin expression	4951	760	Rpl5,Rps29,Rpl7,Rpl12,Rps24,Rps20,Rps8,Rps16,Rps7,Rps28,Rps14,Rpl19
CD4 naive	TRUE	2.7841005844833453e-8	107	31	12	0.3870967741935484	0.11214953271028037	REAC:R-MMU-72706	REAC	GTP hydrolysis and joining of the 60S ribosomal subunit	4951	567	Rpl5,Rps29,Rpl7,Rpl12,Rps24,Rps20,Rps8,Rps16,Rps7,Rps28,Rps14,Rpl19
CD4 naive	TRUE	3.494238116049715e-8	109	31	12	0.3870967741935484	0.11009174311926606	REAC:R-MMU-72737	REAC	Cap-dependent Translation Initiation	4951	237	Rpl5,Rps29,Rpl7,Rpl12,Rps24,Rps20,Rps8,Rps16,Rps7,Rps28,Rps14,Rpl19
CD4 naive	TRUE	3.494238116049715e-8	109	31	12	0.3870967741935484	0.11009174311926606	REAC:R-MMU-72613	REAC	Eukaryotic Translation Initiation	4951	455	Rpl5,Rps29,Rpl7,Rpl12,Rps24,Rps20,Rps8,Rps16,Rps7,Rps28,Rps14,Rpl19
CD4 naive	TRUE	3.907948708379046e-8	110	31	12	0.3870967741935484	0.10909090909090909	GO:0022626	GO:CC	cytosolic ribosome	4951	857	Rpl5,Rps29,Rpl7,Rpl12,Rps24,Rps20,Rps8,Rps16,Rps7,Rps28,Rps14,Rpl19
CD4 naive	TRUE	7.477813390831167e-8	116	31	12	0.3870967741935484	0.10344827586206896	KEGG:03010	KEGG	Ribosome	4951	208	Rpl5,Rps29,Rpl7,Rpl12,Rps24,Rps20,Rps8,Rps16,Rps7,Rps28,Rps14,Rpl19
CD4 naive	TRUE	2.978287667745236e-7	130	31	12	0.3870967741935484	0.09230769230769231	KEGG:05171	KEGG	Coronavirus disease - COVID-19	4951	452	Rpl5,Rps29,Rpl7,Rpl12,Rps24,Rps20,Rps8,Rps16,Rps7,Rps28,Rps14,Rpl19
CD4 naive	TRUE	3.2667445092786546e-7	131	31	12	0.3870967741935484	0.0916030534351145	GO:0002181	GO:BP	cytoplasmic translation	4951	736	Rpl5,Rps29,Rpl7,Rpl12,Rps24,Rps20,Rps8,Rps16,Rps7,Rps28,Rps14,Rpl19
CD4 naive	TRUE	4.291311877037073e-7	134	31	12	0.3870967741935484	0.08955223880597014	REAC:R-MMU-8868773	REAC	rRNA processing in the nucleus and cytosol	4951	1734	Rpl5,Rps29,Rpl7,Rpl12,Rps24,Rps20,Rps8,Rps16,Rps7,Rps28,Rps14,Rpl19
CD4 naive	TRUE	4.291311877037073e-7	134	31	12	0.3870967741935484	0.08955223880597014	REAC:R-MMU-72312	REAC	rRNA processing	4951	1733	Rpl5,Rps29,Rpl7,Rpl12,Rps24,Rps20,Rps8,Rps16,Rps7,Rps28,Rps14,Rpl19
CD4 naive	TRUE	4.291311877037073e-7	134	31	12	0.3870967741935484	0.08955223880597014	REAC:R-MMU-6791226	REAC	Major pathway of rRNA processing in the nucleolus and cytosol	4951	808	Rpl5,Rps29,Rpl7,Rpl12,Rps24,Rps20,Rps8,Rps16,Rps7,Rps28,Rps14,Rpl19
CD4 naive	TRUE	5.128400754714789e-7	136	31	12	0.3870967741935484	0.08823529411764706	GO:0003735	GO:MF	structural constituent of ribosome	4951	353	Rpl5,Rps29,Rpl7,Rpl12,Rps24,Rps20,Rps8,Rps16,Rps7,Rps28,Rps14,Rpl19
CD4 naive	TRUE	2.642093532644624e-6	156	31	12	0.3870967741935484	0.07692307692307693	GO:0044391	GO:CC	ribosomal subunit	4951	2076	Rpl5,Rps29,Rpl7,Rpl12,Rps24,Rps20,Rps8,Rps16,Rps7,Rps28,Rps14,Rpl19
CD4 naive	TRUE	3.690717628181334e-6	41	31	8	0.25806451612903225	0.1951219512195122	GO:0022627	GO:CC	cytosolic small ribosomal subunit	4951	858	Rps29,Rps24,Rps20,Rps8,Rps16,Rps7,Rps28,Rps14
CD4 naive	TRUE	1.0273526988913428e-5	175	31	12	0.3870967741935484	0.06857142857142857	REAC:R-MMU-72766	REAC	Translation	4951	1620	Rpl5,Rps29,Rpl7,Rpl12,Rps24,Rps20,Rps8,Rps16,Rps7,Rps28,Rps14,Rpl19
CD4 naive	TRUE	1.1740912075762483e-5	177	31	12	0.3870967741935484	0.06779661016949153	GO:0005840	GO:CC	ribosome	4951	389	Rpl5,Rps29,Rpl7,Rpl12,Rps24,Rps20,Rps8,Rps16,Rps7,Rps28,Rps14,Rpl19
CD4 naive	TRUE	2.3592739231860062e-5	51	31	8	0.25806451612903225	0.1568627450980392	REAC:R-MMU-72695	REAC	Formation of the ternary complex, and subsequently, the 43S complex	4951	519	Rps29,Rps24,Rps20,Rps8,Rps16,Rps7,Rps28,Rps14
CD4 naive	TRUE	2.6592393439143544e-5	239	31	13	0.41935483870967744	0.05439330543933055	GO:0005198	GO:MF	structural molecule activity	4951	1347	Tubb2a,Rpl5,Rps29,Rpl7,Rpl12,Rps24,Rps20,Rps8,Rps16,Rps7,Rps28,Rps14,Rpl19
CD4 naive	TRUE	6.897655831129506e-5	58	31	8	0.25806451612903225	0.13793103448275862	REAC:R-MMU-72662	REAC	Activation of the mRNA upon binding of the cap-binding complex and eIFs, and subsequent binding to 43S	4951	71	Rps29,Rps24,Rps20,Rps8,Rps16,Rps7,Rps28,Rps14
CD4 naive	TRUE	6.897655831129506e-5	58	31	8	0.25806451612903225	0.13793103448275862	REAC:R-MMU-72702	REAC	Ribosomal scanning and start codon recognition	4951	1319	Rps29,Rps24,Rps20,Rps8,Rps16,Rps7,Rps28,Rps14
CD4 naive	TRUE	6.897655831129506e-5	58	31	8	0.25806451612903225	0.13793103448275862	REAC:R-MMU-72649	REAC	Translation initiation complex formation	4951	1621	Rps29,Rps24,Rps20,Rps8,Rps16,Rps7,Rps28,Rps14
CD4 naive	TRUE	1.9989757177395215e-4	66	31	8	0.25806451612903225	0.12121212121212122	GO:0015935	GO:CC	small ribosomal subunit	4951	710	Rps29,Rps24,Rps20,Rps8,Rps16,Rps7,Rps28,Rps14
CD4 naive	TRUE	2.0575409155032252e-4	287	31	10	0.3225806451612903	0.03484320557491289	WP:WP310	WP	mRNA processing	4951	97	Rps29,Rpl7,Rpl12,Rps24,Rps20,Ddx5,Rps7,Rps28,Rps14,Rpl19
CD4 naive	TRUE	8.757075385316094e-4	51	31	7	0.22580645161290322	0.13725490196078433	GO:0140236	GO:BP	translation at presynapse	4951	20272	Rpl5,Rpl7,Rpl12,Rps24,Rps16,Rps28,Rps14
CD4 naive	TRUE	0.0010076094992105173	52	31	7	0.22580645161290322	0.1346153846153846	GO:0140241	GO:BP	translation at synapse	4951	20276	Rpl5,Rpl7,Rpl12,Rps24,Rps16,Rps28,Rps14
CD4 naive	TRUE	0.0010076094992105173	52	31	7	0.22580645161290322	0.1346153846153846	GO:0140242	GO:BP	translation at postsynapse	4951	20277	Rpl5,Rpl7,Rpl12,Rps24,Rps16,Rps28,Rps14
CD4 naive	TRUE	0.004484013979036365	42	31	4	0.12903225806451613	0.09523809523809523	CORUM:3047	CORUM	Parvulin-associated pre-rRNP complex	4951	332	Rpl5,Rpl7,Rps8,Rpl19
CD4 naive	TRUE	0.006513452140739954	21	31	5	0.16129032258064516	0.23809523809523808	HP:0012133	HP	Erythroid hypoplasia	4951	8528	Rps29,Rps20,Rps7,Rps28,Rps14
CD4 naive	TRUE	0.020935599334100104	49	31	6	0.1935483870967742	0.12244897959183673	GO:0032040	GO:CC	small-subunit processome	4951	1239	Rps24,Rps8,Rps16,Rps7,Rps28,Rps14
CD4 naive	TRUE	0.02822724597298426	123	31	8	0.25806451612903225	0.06504065040650407	GO:0006364	GO:BP	rRNA processing	4951	2163	Rpl5,Rpl7,Rps24,Rps8,Rps16,Rps7,Rps28,Rps14
CD4 naive	TRUE	0.030505274651093182	28	31	5	0.16129032258064516	0.17857142857142858	HP:0012131	HP	Abnormal number of erythroid precursors	4951	8526	Rps29,Rps20,Rps7,Rps28,Rps14
CD4 naive	TRUE	0.031204305482840314	172	31	9	0.2903225806451613	0.05232558139534884	GO:0034470	GO:BP	ncRNA processing	4951	8945	Rpl5,Rpl7,Rps24,Rps8,Ddx5,Rps16,Rps7,Rps28,Rps14
CD8 Teff	TRUE	1.4101655361776575e-5	235	42	15	0.35714285714285715	0.06382978723404255	GO:0009986	GO:CC	cell surface	4951	661	Cd8b1,Klrc1,Ly6c2,Klrk1,Cd8a,Lgals1,Itgb1,Fasl,Cxcr6,Klrc2,Itgal,Hcst,Ccr5,Thy1,S100a10
CD8 Teff	TRUE	4.707181503358053e-5	214	42	14	0.3333333333333333	0.06542056074766354	GO:0098552	GO:CC	side of membrane	4951	3188	Cd8b1,Klrc1,Ly6c2,Klrk1,Cd8a,Itgb1,S100a6,Fasl,Cxcr6,Cd52,Klrc2,Itgal,Ccr5,Thy1
CD8 Teff	TRUE	1.109384032235183e-4	119	42	11	0.2619047619047619	0.09243697478991597	GO:0009897	GO:CC	external side of plasma membrane	4951	654	Cd8b1,Klrc1,Klrk1,Cd8a,Itgb1,Fasl,Cxcr6,Klrc2,Itgal,Ccr5,Thy1
CD8 Teff	TRUE	0.002078949593563203	64	42	8	0.19047619047619047	0.125	KEGG:04650	KEGG	Natural killer cell mediated cytotoxicity	4951	334	Gzmb,Klrc1,Klrk1,Prf1,Fasl,Klrc2,Itgal,Hcst
CD8 Teff	TRUE	0.011170165728399704	79	42	8	0.19047619047619047	0.10126582278481013	KEGG:04210	KEGG	Apoptosis	4951	287	Gzmb,Prf1,Bcl2a1b,Ctsd,Ctsw,Fasl,Bcl2a1d,Actb
CD8 Teff	TRUE	0.014514399674474501	34	42	6	0.14285714285714285	0.17647058823529413	REAC:R-MMU-198933	REAC	Immunoregulatory interactions between a Lymphoid and a non-Lymphoid cell	4951	671	Cd8b1,Klrk1,Cd8a,Itgb1,Itgal,Hcst
CD8 Teff	TRUE	0.01985506354821556	85	42	8	0.19047619047619047	0.09411764705882353	GO:0001906	GO:BP	cell killing	4951	529	Gzma,Gzmb,Klrc1,Klrk1,Prf1,Il18rap,Klrc2,Ccr5
CD8 Teff	TRUE	0.020759010581333975	36	42	6	0.14285714285714285	0.16666666666666666	GO:0140375	GO:MF	immune receptor activity	4951	10473	Klrc1,Klrk1,Cxcr6,Il18rap,Klrc2,Ccr5
CD8 Teff	TRUE	0.022249037351869245	463	42	16	0.38095238095238093	0.03455723542116631	GO:0001775	GO:BP	cell activation	4951	445	Ccl5,Cd8b1,Klrc1,Klrk1,Cd8a,Lgals1,Prf1,Lgals3,Bcl2a1d,Plek,Il18rap,Klrc2,Itgal,Laptm5,Thy1,Actb
CD8 Teff	TRUE	0.02316083548321528	244	42	12	0.2857142857142857	0.04918032786885246	GO:0005615	GO:CC	extracellular space	4951	232	Gzma,Ccl5,Gzmb,Ccl4,Lgals1,Prf1,Ctsd,Ctsw,Fasl,S100a4,S100a10,Ahnak
CD8 Teff	TRUE	0.03412436489815899	39	42	6	0.14285714285714285	0.15384615384615385	GO:0031343	GO:BP	positive regulation of cell killing	4951	7391	Klrc1,Klrk1,Prf1,Il18rap,Klrc2,Ccr5
CD8 Teff	TRUE	0.044755202663648214	425	42	15	0.35714285714285715	0.03529411764705882	GO:0045321	GO:BP	leukocyte activation	4951	11749	Ccl5,Cd8b1,Klrc1,Klrk1,Cd8a,Lgals1,Prf1,Lgals3,Bcl2a1d,Il18rap,Klrc2,Itgal,Laptm5,Thy1,Actb
CD8 naive	TRUE	1.2647633854825094e-91	75	126	62	0.49206349206349204	0.8266666666666667	WP:WP163	WP	Cytoplasmic ribosomal proteins	4951	46	Rps20,Rplp1,Rpl12,Rps24,Rps28,Rpl13,Rps19,Rps7,Rps18,Rps10,Rps15a,Rps29,Rpl39,Rps12,Rps5,Rps16,Rps26,Rpl10a,Rpl38,Rps27a,Rpl28,Rpsa,Rpl18a,Rpl32,Rps21,Rps3,Rps6,Rpl23a,Rps8,Rps17,Rpl17,Rpl27a,Rplp0,Rpl37,Rps15,Rps2,Rpl3,Rps3a1,Rpl26,Rpl18,Rpl37a,Rpl8,Rpl22,Rps14,Rpl35a,Rpl21,Rpl15,Rps4x,Rpl36,Rps23,Rps13,Rpl30,Rpl41,Rpl9,Rpl4,Rpl34,Rpl31,Rpl6,Rpl13a,Rps25,Rpl19,Rpl11
CD8 naive	TRUE	1.1050765141568252e-88	86	126	65	0.5158730158730159	0.7558139534883721	REAC:R-MMU-1799339	REAC	SRP-dependent cotranslational protein targeting to membrane	4951	1345	Rps20,Rplp1,Rpl12,Rps24,Rps28,Rpl13,Rps19,Rps7,Rps18,Rpl23,Rps10,Rps15a,Rps29,Rpl39,Rplp2,Rps12,Rps9,Rps5,Rps16,Rps26,Rpl38,Rpl28,Rpsa,Rpl18a,Rpl32,Rps21,Rpl22l1,Rps3,Rps6,Rpl23a,Rpl5,Rps8,Rps17,Rpl17,Rpl27a,Rplp0,Rpl37,Rps15,Rps2,Rpl3,Rps3a1,Rpl26,Rpl18,Rpl37a,Rpl8,Rpl22,Rps14,Rpl35a,Rpl21,Rpl15,Rps4x,Rpl36,Rps23,Rps13,Rpl30,Rpl9,Rpl4,Rpl34,Rpl31,Rpl6,Rpl13a,Rps25,Rpl14,Rpl19,Rpl11
CD8 naive	TRUE	1.6309905376898e-87	88	126	65	0.5158730158730159	0.7386363636363636	REAC:R-MMU-975956	REAC	Nonsense Mediated Decay (NMD) independent of the Exon Junction Complex (EJC)	4951	947	Rps20,Rplp1,Rpl12,Rps24,Rps28,Rpl13,Rps19,Rps7,Rps18,Rpl23,Rps10,Rps15a,Rps29,Rpl39,Rplp2,Rps12,Rps9,Rps5,Rps16,Rps26,Rpl38,Rpl28,Rpsa,Rpl18a,Rpl32,Rps21,Rpl22l1,Rps3,Rps6,Rpl23a,Rpl5,Rps8,Rps17,Rpl17,Rpl27a,Rplp0,Rpl37,Rps15,Rps2,Rpl3,Rps3a1,Rpl26,Rpl18,Rpl37a,Rpl8,Rpl22,Rps14,Rpl35a,Rpl21,Rpl15,Rps4x,Rpl36,Rps23,Rps13,Rpl30,Rpl9,Rpl4,Rpl34,Rpl31,Rpl6,Rpl13a,Rps25,Rpl14,Rpl19,Rpl11
CD8 naive	TRUE	1.2813836540804253e-83	110	126	68	0.5396825396825397	0.6181818181818182	GO:0022626	GO:CC	cytosolic ribosome	4951	857	Rps20,Rplp1,Rpl12,Rps24,Rps28,Rpl13,Rps19,Rps7,Rps18,Rpl23,Rps10,Rps15a,Rps29,Rpl39,Rplp2,Rps12,Rps9,Rps5,Rps16,Rps26,Rpl10a,Rpl38,Rps27a,Rpl28,Rpsa,Rpl18a,Rpl32,Rps21,Rps3,Rps6,Rpl23a,Rpl5,Rps8,Rps17,Rpl17,Rpl27a,Rplp0,Rpl37,Rps15,Rps2,Rpl3,Rps3a1,Rpl26,Rpl18,Rpl37a,Rpl8,Rpl22,Rps14,Rpl35a,Rpl21,Rpl15,Rps4x,Rpl36,Rps23,Rps13,Rpl30,Rpl41,Rpl9,Rpl4,Rpl34,Rpl31,Rpl6,Rpl13a,Rps25,Rpl14,Rpl19,Eef1a1,Rpl11
CD8 naive	TRUE	2.4818688569946167e-83	96	126	65	0.5158730158730159	0.6770833333333334	REAC:R-MMU-72689	REAC	Formation of a pool of free 40S subunits	4951	510	Rps20,Rplp1,Rpl12,Rps24,Rps28,Rpl13,Rps19,Rps7,Rps18,Rpl23,Rps10,Rps15a,Rps29,Rpl39,Rplp2,Rps12,Rps9,Rps5,Rps16,Rps26,Rpl38,Rpl28,Rpsa,Rpl18a,Rpl32,Rps21,Rpl22l1,Rps3,Rps6,Rpl23a,Rpl5,Rps8,Rps17,Rpl17,Rpl27a,Rplp0,Rpl37,Rps15,Rps2,Rpl3,Rps3a1,Rpl26,Rpl18,Rpl37a,Rpl8,Rpl22,Rps14,Rpl35a,Rpl21,Rpl15,Rps4x,Rpl36,Rps23,Rps13,Rpl30,Rpl9,Rpl4,Rpl34,Rpl31,Rpl6,Rpl13a,Rps25,Rpl14,Rpl19,Rpl11
CD8 naive	TRUE	2.8851607270174505e-81	116	126	68	0.5396825396825397	0.5862068965517241	KEGG:03010	KEGG	Ribosome	4951	208	Rps20,Rplp1,Rpl12,Rps24,Rps28,Rpl13,Rps19,Rps7,Rps18,Rpl23,Rps10,Rps15a,Rps29,Rpl39,Rplp2,Rps12,Rps9,Rps5,Rps16,Rps26,Rpl10a,Rpl38,Rps27a,Rpl28,Rpsa,Rpl18a,Rpl32,Rps21,Rpl22l1,Rps3,Rps6,Rpl23a,Rpl5,Rps8,Rps17,Rpl17,Rpl27a,Rplp0,Rpl37,Rps15,Rps2,Rpl3,Rps3a1,Rpl26,Rpl18,Rpl37a,Rpl8,Rpl22,Rps14,Rpl35a,Rpl21,Rpl15,Rps4x,Rpl36,Rps23,Rps13,Rpl30,Rpl41,Rpl9,Rpl4,Rpl34,Rpl31,Rpl6,Rpl13a,Rps25,Rpl14,Rpl19,Rpl11
CD8 naive	TRUE	2.4382180025541664e-79	105	126	65	0.5158730158730159	0.6190476190476191	REAC:R-MMU-927802	REAC	Nonsense-Mediated Decay (NMD)	4951	948	Rps20,Rplp1,Rpl12,Rps24,Rps28,Rpl13,Rps19,Rps7,Rps18,Rpl23,Rps10,Rps15a,Rps29,Rpl39,Rplp2,Rps12,Rps9,Rps5,Rps16,Rps26,Rpl38,Rpl28,Rpsa,Rpl18a,Rpl32,Rps21,Rpl22l1,Rps3,Rps6,Rpl23a,Rpl5,Rps8,Rps17,Rpl17,Rpl27a,Rplp0,Rpl37,Rps15,Rps2,Rpl3,Rps3a1,Rpl26,Rpl18,Rpl37a,Rpl8,Rpl22,Rps14,Rpl35a,Rpl21,Rpl15,Rps4x,Rpl36,Rps23,Rps13,Rpl30,Rpl9,Rpl4,Rpl34,Rpl31,Rpl6,Rpl13a,Rps25,Rpl14,Rpl19,Rpl11
CD8 naive	TRUE	2.4382180025541664e-79	105	126	65	0.5158730158730159	0.6190476190476191	REAC:R-MMU-975957	REAC	Nonsense Mediated Decay (NMD) enhanced by the Exon Junction Complex (EJC)	4951	946	Rps20,Rplp1,Rpl12,Rps24,Rps28,Rpl13,Rps19,Rps7,Rps18,Rpl23,Rps10,Rps15a,Rps29,Rpl39,Rplp2,Rps12,Rps9,Rps5,Rps16,Rps26,Rpl38,Rpl28,Rpsa,Rpl18a,Rpl32,Rps21,Rpl22l1,Rps3,Rps6,Rpl23a,Rpl5,Rps8,Rps17,Rpl17,Rpl27a,Rplp0,Rpl37,Rps15,Rps2,Rpl3,Rps3a1,Rpl26,Rpl18,Rpl37a,Rpl8,Rpl22,Rps14,Rpl35a,Rpl21,Rpl15,Rps4x,Rpl36,Rps23,Rps13,Rpl30,Rpl9,Rpl4,Rpl34,Rpl31,Rpl6,Rpl13a,Rps25,Rpl14,Rpl19,Rpl11
CD8 naive	TRUE	6.225557796782754e-79	106	126	65	0.5158730158730159	0.6132075471698113	REAC:R-MMU-156827	REAC	L13a-mediated translational silencing of Ceruloplasmin expression	4951	760	Rps20,Rplp1,Rpl12,Rps24,Rps28,Rpl13,Rps19,Rps7,Rps18,Rpl23,Rps10,Rps15a,Rps29,Rpl39,Rplp2,Rps12,Rps9,Rps5,Rps16,Rps26,Rpl38,Rpl28,Rpsa,Rpl18a,Rpl32,Rps21,Rpl22l1,Rps3,Rps6,Rpl23a,Rpl5,Rps8,Rps17,Rpl17,Rpl27a,Rplp0,Rpl37,Rps15,Rps2,Rpl3,Rps3a1,Rpl26,Rpl18,Rpl37a,Rpl8,Rpl22,Rps14,Rpl35a,Rpl21,Rpl15,Rps4x,Rpl36,Rps23,Rps13,Rpl30,Rpl9,Rpl4,Rpl34,Rpl31,Rpl6,Rpl13a,Rps25,Rpl14,Rpl19,Rpl11
CD8 naive	TRUE	1.5663737358494246e-78	107	126	65	0.5158730158730159	0.6074766355140186	REAC:R-MMU-72706	REAC	GTP hydrolysis and joining of the 60S ribosomal subunit	4951	567	Rps20,Rplp1,Rpl12,Rps24,Rps28,Rpl13,Rps19,Rps7,Rps18,Rpl23,Rps10,Rps15a,Rps29,Rpl39,Rplp2,Rps12,Rps9,Rps5,Rps16,Rps26,Rpl38,Rpl28,Rpsa,Rpl18a,Rpl32,Rps21,Rpl22l1,Rps3,Rps6,Rpl23a,Rpl5,Rps8,Rps17,Rpl17,Rpl27a,Rplp0,Rpl37,Rps15,Rps2,Rpl3,Rps3a1,Rpl26,Rpl18,Rpl37a,Rpl8,Rpl22,Rps14,Rpl35a,Rpl21,Rpl15,Rps4x,Rpl36,Rps23,Rps13,Rpl30,Rpl9,Rpl4,Rpl34,Rpl31,Rpl6,Rpl13a,Rps25,Rpl14,Rpl19,Rpl11
CD8 naive	TRUE	2.0075539015784858e-78	130	126	69	0.5476190476190477	0.5307692307692308	KEGG:05171	KEGG	Coronavirus disease - COVID-19	4951	452	Rps20,Rplp1,Rpl12,Rps24,Rps28,Rpl13,Rps19,Rps7,Rps18,Rpl23,Rps10,Rps15a,Rps29,Rpl39,Rplp2,Rps12,Rps9,Rps5,Rps16,Rps26,Rpl10a,Rpl38,Rps27a,Rpl28,Rpsa,Rpl18a,Rpl32,Rps21,Rpl22l1,Rps3,Rps6,Rpl23a,Rpl5,Rps8,Rps17,Rpl17,Rpl27a,Rplp0,Rpl37,Rps15,Rps2,Rpl3,Rps3a1,Rpl26,Rpl18,Rpl37a,Rpl8,Rpl22,Rps14,Rpl35a,Rpl21,Rpl15,Rps4x,Rpl36,Rps23,Rps13,Rpl30,Rpl41,Rpl9,Rpl4,Rpl34,Il6st,Rpl31,Rpl6,Rpl13a,Rps25,Rpl14,Rpl19,Rpl11
CD8 naive	TRUE	9.505752653603994e-78	109	126	65	0.5158730158730159	0.5963302752293578	REAC:R-MMU-72613	REAC	Eukaryotic Translation Initiation	4951	455	Rps20,Rplp1,Rpl12,Rps24,Rps28,Rpl13,Rps19,Rps7,Rps18,Rpl23,Rps10,Rps15a,Rps29,Rpl39,Rplp2,Rps12,Rps9,Rps5,Rps16,Rps26,Rpl38,Rpl28,Rpsa,Rpl18a,Rpl32,Rps21,Rpl22l1,Rps3,Rps6,Rpl23a,Rpl5,Rps8,Rps17,Rpl17,Rpl27a,Rplp0,Rpl37,Rps15,Rps2,Rpl3,Rps3a1,Rpl26,Rpl18,Rpl37a,Rpl8,Rpl22,Rps14,Rpl35a,Rpl21,Rpl15,Rps4x,Rpl36,Rps23,Rps13,Rpl30,Rpl9,Rpl4,Rpl34,Rpl31,Rpl6,Rpl13a,Rps25,Rpl14,Rpl19,Rpl11
CD8 naive	TRUE	9.505752653603994e-78	109	126	65	0.5158730158730159	0.5963302752293578	REAC:R-MMU-72737	REAC	Cap-dependent Translation Initiation	4951	237	Rps20,Rplp1,Rpl12,Rps24,Rps28,Rpl13,Rps19,Rps7,Rps18,Rpl23,Rps10,Rps15a,Rps29,Rpl39,Rplp2,Rps12,Rps9,Rps5,Rps16,Rps26,Rpl38,Rpl28,Rpsa,Rpl18a,Rpl32,Rps21,Rpl22l1,Rps3,Rps6,Rpl23a,Rpl5,Rps8,Rps17,Rpl17,Rpl27a,Rplp0,Rpl37,Rps15,Rps2,Rpl3,Rps3a1,Rpl26,Rpl18,Rpl37a,Rpl8,Rpl22,Rps14,Rpl35a,Rpl21,Rpl15,Rps4x,Rpl36,Rps23,Rps13,Rpl30,Rpl9,Rpl4,Rpl34,Rpl31,Rpl6,Rpl13a,Rps25,Rpl14,Rpl19,Rpl11
CD8 naive	TRUE	3.7726542677721495e-76	131	126	68	0.5396825396825397	0.5190839694656488	GO:0002181	GO:BP	cytoplasmic translation	4951	736	Rps20,Rplp1,Rpl12,Rps24,Rps28,Rpl13,Rps19,Rps7,Rps18,Rpl23,Rps10,Rps15a,Rps29,Rpl39,Rplp2,Rps12,Rps9,Rps5,Rps16,Rps26,Rpl10a,Rpl38,Rps27a,Rpl28,Rpsa,Rpl18a,Rpl32,Rps21,Rpl22l1,Rps3,Rps6,Rpl23a,Rpl5,Rps8,Rps17,Rpl17,Rpl27a,Rplp0,Rpl37,Rps15,Rps2,Rpl3,Rps3a1,Rpl26,Rpl18,Rpl37a,Rpl8,Rpl22,Rps14,Rpl35a,Rpl21,Rpl15,Rps4x,Rpl36,Rps23,Rps13,Rpl30,Rpl41,Rpl9,Rpl4,Rpl34,Rpl31,Rpl6,Rpl13a,Rps25,Rpl14,Rpl19,Rpl11
CD8 naive	TRUE	1.2272208993724457e-74	136	126	68	0.5396825396825397	0.5	GO:0003735	GO:MF	structural constituent of ribosome	4951	353	Rps20,Rplp1,Rpl12,Rps24,Rps28,Rpl13,Rps19,Rps7,Rps18,Rpl23,Rps10,Rps15a,Rps29,Rpl39,Rplp2,Rps12,Rps9,Rps5,Rps16,Rps26,Rpl10a,Rpl38,Rps27a,Rpl28,Rpsa,Rpl18a,Rpl32,Rps21,Rpl22l1,Rps3,Rps6,Rpl23a,Rpl5,Rps8,Rps17,Rpl17,Rpl27a,Rplp0,Rpl37,Rps15,Rps2,Rpl3,Rps3a1,Rpl26,Rpl18,Rpl37a,Rpl8,Rpl22,Rps14,Rpl35a,Rpl21,Rpl15,Rps4x,Rpl36,Rps23,Rps13,Rpl30,Rpl41,Rpl9,Rpl4,Rpl34,Rpl31,Rpl6,Rpl13a,Rps25,Rpl14,Rpl19,Rpl11
CD8 naive	TRUE	4.115072243594146e-71	156	126	69	0.5476190476190477	0.4423076923076923	GO:0044391	GO:CC	ribosomal subunit	4951	2076	Rps20,Rplp1,Rpl12,Rps24,Rps28,Rpl13,Rps19,Rps7,Rps18,Rpl23,Rps10,Rps15a,Rps29,Rpl39,Rplp2,Rps12,Rps9,Rps5,Rps16,Rps26,Rpl10a,Rpl38,Rps27a,Rpl28,Rpsa,Rpl18a,Rpl32,Rps21,Rps3,Rps6,Rpl23a,Rpl5,Rps8,Rps17,Rpl17,Rpl27a,Rplp0,Rpl37,Rps15,Rps2,Rack1,Rpl3,Rps3a1,Rpl26,Rpl18,Rpl37a,Rpl8,Rpl22,Rps14,Npm1,Rpl35a,Rpl21,Rpl15,Rps4x,Rpl36,Rps23,Rps13,Rpl30,Rpl41,Rpl9,Rpl4,Rpl34,Rpl31,Rpl6,Rpl13a,Rps25,Rpl14,Rpl19,Rpl11
CD8 naive	TRUE	7.974945283532289e-70	177	126	71	0.5634920634920635	0.4011299435028249	GO:0005840	GO:CC	ribosome	4951	389	Rps20,Rplp1,Rpl12,Rps24,Rps28,Rpl13,Rps19,Rps7,Rps18,Rpl23,Rps10,Rps15a,Rps29,Rpl39,Rplp2,Rps12,Rps9,Rps5,Rps16,Rps26,Rpl10a,Rpl38,Rps27a,Rpl28,Rpsa,Rpl18a,Rpl32,Rps21,Rpl22l1,Rps3,Rps6,Rpl23a,Rpl5,Rps8,Rps17,Rpl17,Rpl27a,Rplp0,Rpl37,Rps15,Rps2,Rack1,Rpl3,Rps3a1,Rpl26,Rpl18,Rpl37a,Rpl8,Rpl22,Rps14,Npm1,Rpl35a,Rpl21,Rpl15,Rps4x,Rpl36,Rps23,Rps13,Rpl30,Rpl41,Rpl9,Rpl4,Rpl34,Rpl31,Rpl6,Rpl13a,Rps25,Rpl14,Rpl19,Eef1a1,Rpl11
CD8 naive	TRUE	1.4907463686519626e-69	134	126	65	0.5158730158730159	0.48507462686567165	REAC:R-MMU-8868773	REAC	rRNA processing in the nucleus and cytosol	4951	1734	Rps20,Rplp1,Rpl12,Rps24,Rps28,Rpl13,Rps19,Rps7,Rps18,Rpl23,Rps10,Rps15a,Rps29,Rpl39,Rplp2,Rps12,Rps9,Rps5,Rps16,Rps26,Rpl38,Rpl28,Rpsa,Rpl18a,Rpl32,Rps21,Rpl22l1,Rps3,Rps6,Rpl23a,Rpl5,Rps8,Rps17,Rpl17,Rpl27a,Rplp0,Rpl37,Rps15,Rps2,Rpl3,Rps3a1,Rpl26,Rpl18,Rpl37a,Rpl8,Rpl22,Rps14,Rpl35a,Rpl21,Rpl15,Rps4x,Rpl36,Rps23,Rps13,Rpl30,Rpl9,Rpl4,Rpl34,Rpl31,Rpl6,Rpl13a,Rps25,Rpl14,Rpl19,Rpl11
CD8 naive	TRUE	1.4907463686519626e-69	134	126	65	0.5158730158730159	0.48507462686567165	REAC:R-MMU-6791226	REAC	Major pathway of rRNA processing in the nucleolus and cytosol	4951	808	Rps20,Rplp1,Rpl12,Rps24,Rps28,Rpl13,Rps19,Rps7,Rps18,Rpl23,Rps10,Rps15a,Rps29,Rpl39,Rplp2,Rps12,Rps9,Rps5,Rps16,Rps26,Rpl38,Rpl28,Rpsa,Rpl18a,Rpl32,Rps21,Rpl22l1,Rps3,Rps6,Rpl23a,Rpl5,Rps8,Rps17,Rpl17,Rpl27a,Rplp0,Rpl37,Rps15,Rps2,Rpl3,Rps3a1,Rpl26,Rpl18,Rpl37a,Rpl8,Rpl22,Rps14,Rpl35a,Rpl21,Rpl15,Rps4x,Rpl36,Rps23,Rps13,Rpl30,Rpl9,Rpl4,Rpl34,Rpl31,Rpl6,Rpl13a,Rps25,Rpl14,Rpl19,Rpl11
CD8 naive	TRUE	1.4907463686519626e-69	134	126	65	0.5158730158730159	0.48507462686567165	REAC:R-MMU-72312	REAC	rRNA processing	4951	1733	Rps20,Rplp1,Rpl12,Rps24,Rps28,Rpl13,Rps19,Rps7,Rps18,Rpl23,Rps10,Rps15a,Rps29,Rpl39,Rplp2,Rps12,Rps9,Rps5,Rps16,Rps26,Rpl38,Rpl28,Rpsa,Rpl18a,Rpl32,Rps21,Rpl22l1,Rps3,Rps6,Rpl23a,Rpl5,Rps8,Rps17,Rpl17,Rpl27a,Rplp0,Rpl37,Rps15,Rps2,Rpl3,Rps3a1,Rpl26,Rpl18,Rpl37a,Rpl8,Rpl22,Rps14,Rpl35a,Rpl21,Rpl15,Rps4x,Rpl36,Rps23,Rps13,Rpl30,Rpl9,Rpl4,Rpl34,Rpl31,Rpl6,Rpl13a,Rps25,Rpl14,Rpl19,Rpl11
CD8 naive	TRUE	4.778607776152481e-65	175	126	68	0.5396825396825397	0.38857142857142857	REAC:R-MMU-72766	REAC	Translation	4951	1620	Rps20,Rplp1,Rpl12,Rps24,Rps28,Rpl13,Rps19,Eef1b2,Rps7,Rps18,Rpl23,Rps10,Rps15a,Rps29,Rpl39,Rplp2,Rps12,Rps9,Rps5,Rps16,Rps26,Rpl38,Rpl28,Rpsa,Rpl18a,Rpl32,Rps21,Rpl22l1,Rps3,Rps6,Rpl23a,Rpl5,Rps8,Rps17,Rpl17,Rpl27a,Rplp0,Rpl37,Rps15,Rps2,Rpl3,Rps3a1,Rpl26,Rpl18,Rpl37a,Rpl8,Rpl22,Rps14,Eef1g,Rpl35a,Rpl21,Rpl15,Rps4x,Rpl36,Rps23,Rps13,Rpl30,Rpl9,Rpl4,Rpl34,Rpl31,Rpl6,Rpl13a,Rps25,Rpl14,Rpl19,Eef1a1,Rpl11
CD8 naive	TRUE	1.011417694908275e-55	239	126	69	0.5476190476190477	0.28870292887029286	GO:0005198	GO:MF	structural molecule activity	4951	1347	Rps20,Rplp1,Rpl12,Rps24,Rps28,Rpl13,Rps19,Rps7,Rps18,Rpl23,Rps10,Rps15a,Rps29,Rpl39,Rplp2,Rps12,Rps9,Rps5,Rps16,Rps26,Rpl10a,Rpl38,Rps27a,Rpl28,Rpsa,Rpl18a,Rpl32,Rps21,Rpl22l1,Rps3,Rps6,Rpl23a,Rpl5,Rps8,Rps17,Rpl17,Rpl27a,Rplp0,Rpl37,Rps15,Rps2,Rpl3,Rps3a1,Rpl26,Rpl18,Rpl37a,Rpl8,Rpl22,Actn1,Rps14,Rpl35a,Rpl21,Rpl15,Rps4x,Rpl36,Rps23,Rps13,Rpl30,Rpl41,Rpl9,Rpl4,Rpl34,Rpl31,Rpl6,Rpl13a,Rps25,Rpl14,Rpl19,Rpl11
CD8 naive	TRUE	3.4302600989735064e-47	379	126	74	0.5873015873015873	0.19525065963060687	GO:0006412	GO:BP	translation	4951	2194	Rps20,Dapl1,Rplp1,Rpl12,Rps24,Rps28,Rpl13,Rps19,Eef1b2,Rps7,Rps18,Rpl23,Rps10,Rps15a,Rps29,Rpl39,Rplp2,Rps12,Rps9,Rps5,Rps16,Rps26,Rpl10a,Rpl38,Rps27a,Rpl28,Rpsa,Rpl18a,Rpl32,Rps21,Rpl22l1,Rps3,Rps6,Rpl23a,Rpl5,Rps8,Rps17,Rpl17,Rpl27a,Rplp0,Rpl37,Rps15,Rps2,Rack1,Rpl3,Rps3a1,Rpl26,Rpl18,Rpl37a,Rpl8,Rpl22,Rps14,Npm1,Eef1g,Rpl35a,Rpl21,Rpl15,Rps4x,Rpl36,Rps23,Rps13,Rpl30,Rpl41,Rpl9,Rpl4,Rpl34,Rpl31,Rpl6,Rpl13a,Rps25,Rpl14,Rpl19,Eef1a1,Rpl11
CD8 naive	TRUE	9.515258826355088e-47	384	126	74	0.5873015873015873	0.19270833333333334	GO:0043043	GO:BP	peptide biosynthetic process	4951	10843	Rps20,Dapl1,Rplp1,Rpl12,Rps24,Rps28,Rpl13,Rps19,Eef1b2,Rps7,Rps18,Rpl23,Rps10,Rps15a,Rps29,Rpl39,Rplp2,Rps12,Rps9,Rps5,Rps16,Rps26,Rpl10a,Rpl38,Rps27a,Rpl28,Rpsa,Rpl18a,Rpl32,Rps21,Rpl22l1,Rps3,Rps6,Rpl23a,Rpl5,Rps8,Rps17,Rpl17,Rpl27a,Rplp0,Rpl37,Rps15,Rps2,Rack1,Rpl3,Rps3a1,Rpl26,Rpl18,Rpl37a,Rpl8,Rpl22,Rps14,Npm1,Eef1g,Rpl35a,Rpl21,Rpl15,Rps4x,Rpl36,Rps23,Rps13,Rpl30,Rpl41,Rpl9,Rpl4,Rpl34,Rpl31,Rpl6,Rpl13a,Rps25,Rpl14,Rpl19,Eef1a1,Rpl11
CD8 naive	TRUE	3.588772699491751e-46	58	126	39	0.30952380952380953	0.6724137931034483	GO:0022625	GO:CC	cytosolic large ribosomal subunit	4951	856	Rplp1,Rpl12,Rpl13,Rpl23,Rpl39,Rplp2,Rps12,Rpl10a,Rpl38,Rpl28,Rpl18a,Rpl32,Rpl23a,Rpl5,Rpl17,Rpl27a,Rplp0,Rpl37,Rpl3,Rpl26,Rpl18,Rpl37a,Rpl8,Rpl22,Rpl35a,Rpl21,Rpl15,Rpl36,Rpl30,Rpl41,Rpl9,Rpl4,Rpl34,Rpl31,Rpl6,Rpl13a,Rpl14,Rpl19,Rpl11
CD8 naive	TRUE	1.664343286868231e-45	414	126	75	0.5952380952380952	0.18115942028985507	GO:0043604	GO:BP	amide biosynthetic process	4951	11153	Rps20,Dapl1,Rplp1,Rpl12,Rps24,Rps28,Rpl13,Rps19,Eef1b2,Rps7,Rps18,Rpl23,Rps10,Rps15a,Rps29,Rpl39,Rplp2,Rps12,Rps9,Rps5,Rps16,Rps26,Rpl10a,Rpl38,Ugcg,Rps27a,Rpl28,Rpsa,Rpl18a,Rpl32,Rps21,Rpl22l1,Rps3,Rps6,Rpl23a,Rpl5,Rps8,Rps17,Rpl17,Rpl27a,Rplp0,Rpl37,Rps15,Rps2,Rack1,Rpl3,Rps3a1,Rpl26,Rpl18,Rpl37a,Rpl8,Rpl22,Rps14,Npm1,Eef1g,Rpl35a,Rpl21,Rpl15,Rps4x,Rpl36,Rps23,Rps13,Rpl30,Rpl41,Rpl9,Rpl4,Rpl34,Rpl31,Rpl6,Rpl13a,Rps25,Rpl14,Rpl19,Eef1a1,Rpl11
CD8 naive	TRUE	1.2971769873910376e-41	448	126	74	0.5873015873015873	0.16517857142857142	GO:0006518	GO:BP	peptide metabolic process	4951	2266	Rps20,Dapl1,Rplp1,Rpl12,Rps24,Rps28,Rpl13,Rps19,Eef1b2,Rps7,Rps18,Rpl23,Rps10,Rps15a,Rps29,Rpl39,Rplp2,Rps12,Rps9,Rps5,Rps16,Rps26,Rpl10a,Rpl38,Rps27a,Rpl28,Rpsa,Rpl18a,Rpl32,Rps21,Rpl22l1,Rps3,Rps6,Rpl23a,Rpl5,Rps8,Rps17,Rpl17,Rpl27a,Rplp0,Rpl37,Rps15,Rps2,Rack1,Rpl3,Rps3a1,Rpl26,Rpl18,Rpl37a,Rpl8,Rpl22,Rps14,Npm1,Eef1g,Rpl35a,Rpl21,Rpl15,Rps4x,Rpl36,Rps23,Rps13,Rpl30,Rpl41,Rpl9,Rpl4,Rpl34,Rpl31,Rpl6,Rpl13a,Rps25,Rpl14,Rpl19,Eef1a1,Rpl11
CD8 naive	TRUE	2.574095381170283e-41	51	126	35	0.2777777777777778	0.6862745098039216	GO:0140236	GO:BP	translation at presynapse	4951	20272	Rpl12,Rps24,Rps28,Rpl13,Rpl23,Rps10,Rps15a,Rplp2,Rps12,Rps5,Rps16,Rps26,Rpl38,Rps27a,Rpl28,Rpl32,Rpl23a,Rpl5,Rpl17,Rpl27a,Rpl37,Rpl26,Rpl37a,Rpl8,Rpl22,Rps14,Rpl35a,Rpl15,Rpl36,Rpl9,Rpl4,Rpl34,Rpl6,Rpl13a,Rpl14
CD8 naive	TRUE	7.731584804035497e-41	52	126	35	0.2777777777777778	0.6730769230769231	GO:0140241	GO:BP	translation at synapse	4951	20276	Rpl12,Rps24,Rps28,Rpl13,Rpl23,Rps10,Rps15a,Rplp2,Rps12,Rps5,Rps16,Rps26,Rpl38,Rps27a,Rpl28,Rpl32,Rpl23a,Rpl5,Rpl17,Rpl27a,Rpl37,Rpl26,Rpl37a,Rpl8,Rpl22,Rps14,Rpl35a,Rpl15,Rpl36,Rpl9,Rpl4,Rpl34,Rpl6,Rpl13a,Rpl14
CD8 naive	TRUE	7.731584804035497e-41	52	126	35	0.2777777777777778	0.6730769230769231	GO:0140242	GO:BP	translation at postsynapse	4951	20277	Rpl12,Rps24,Rps28,Rpl13,Rpl23,Rps10,Rps15a,Rplp2,Rps12,Rps5,Rps16,Rps26,Rpl38,Rps27a,Rpl28,Rpl32,Rpl23a,Rpl5,Rpl17,Rpl27a,Rpl37,Rpl26,Rpl37a,Rpl8,Rpl22,Rps14,Rpl35a,Rpl15,Rpl36,Rpl9,Rpl4,Rpl34,Rpl6,Rpl13a,Rpl14
CD8 naive	TRUE	6.057027901481431e-36	96	126	40	0.31746031746031744	0.4166666666666667	GO:0015934	GO:CC	large ribosomal subunit	4951	709	Rplp1,Rpl12,Rpl13,Rpl23,Rpl39,Rplp2,Rps12,Rpl10a,Rpl38,Rpl28,Rpl18a,Rpl32,Rpl23a,Rpl5,Rpl17,Rpl27a,Rplp0,Rpl37,Rpl3,Rpl26,Rpl18,Rpl37a,Rpl8,Rpl22,Npm1,Rpl35a,Rpl21,Rpl15,Rpl36,Rpl30,Rpl41,Rpl9,Rpl4,Rpl34,Rpl31,Rpl6,Rpl13a,Rpl14,Rpl19,Rpl11
CD8 naive	TRUE	1.085676848353974e-34	278	126	57	0.4523809523809524	0.20503597122302158	GO:0098794	GO:CC	postsynapse	4951	3257	Rps20,Rplp1,Rpl12,Rps24,Rps28,Rpl13,Rps19,Rps7,Rps18,Tmem108,Rpl23,Rps10,Rps15a,Rplp2,Rps12,Rps9,Rps5,Rps16,Rps26,Rpl38,Rps27a,Rpl28,Rpsa,Rpl18a,Rpl32,Rps21,Rps3,Rpl23a,Rpl5,Rps17,Rpl17,Rpl27a,Rplp0,Rpl37,Rps2,Rps3a1,Rpl26,Rpl37a,Rpl8,Rpl22,Actn1,Rps14,Rpl35a,Rpl21,Rpl15,Rpl36,Rps23,Rps13,Rpl30,Rpl9,Rpl4,Rpl34,Rpl31,Rpl6,Rpl13a,Rps25,Rpl14
CD8 naive	TRUE	1.162919832181384e-34	481	126	70	0.5555555555555556	0.14553014553014554	GO:1990904	GO:CC	ribonucleoprotein complex	4951	4043	Rps20,Rplp1,Rpl12,Rps24,Rps28,Rpl13,Rps19,Rps7,Rps18,Rpl23,Rps10,Rps15a,Rps29,Rpl39,Rplp2,Rps12,Rps9,Rps5,Rps16,Rps26,Rpl10a,Rpl38,Rps27a,Rpl28,Rpsa,Rpl18a,Rpl32,Rps21,Rpl22l1,Rps3,Rps6,Rpl23a,Rpl5,Rps8,Rps17,Rpl17,Rpl27a,Rplp0,Rpl37,Rps15,Rps2,Rack1,Rpl3,Rps3a1,Rpl26,Rpl18,Rpl37a,Rpl8,Rpl22,Rps14,Npm1,Rpl35a,Rpl21,Rpl15,Rps4x,Rpl36,Rps23,Rps13,Rpl30,Rpl41,Rpl9,Rpl4,Rpl34,Rpl31,Rpl6,Rpl13a,Rps25,Rpl14,Rpl19,Rpl11
CD8 naive	TRUE	5.994829347486859e-34	41	126	29	0.23015873015873015	0.7073170731707317	GO:0022627	GO:CC	cytosolic small ribosomal subunit	4951	858	Rps20,Rps24,Rps28,Rps19,Rps7,Rps18,Rps10,Rps15a,Rps29,Rps12,Rps9,Rps5,Rps16,Rps26,Rps27a,Rpsa,Rps21,Rps3,Rps6,Rps8,Rps17,Rps15,Rps2,Rps3a1,Rps14,Rps4x,Rps23,Rps13,Rps25
CD8 naive	TRUE	1.645117819427247e-33	429	126	66	0.5238095238095238	0.15384615384615385	REAC:R-MMU-8953854	REAC	Metabolism of RNA	4951	813	Rps20,Rplp1,Rpl12,Rps24,Rps28,Rpl13,Rps19,Rps7,Rps18,Rpl23,Rps10,Rps15a,Rps29,Rpl39,Rplp2,Rps12,Rps9,Rps5,Rps16,Rps26,Rpl38,Rps27a,Rpl28,Rpsa,Rpl18a,Rpl32,Rps21,Rpl22l1,Rps3,Rps6,Rpl23a,Rpl5,Rps8,Rps17,Rpl17,Rpl27a,Rplp0,Rpl37,Rps15,Rps2,Rpl3,Rps3a1,Rpl26,Rpl18,Rpl37a,Rpl8,Rpl22,Rps14,Rpl35a,Rpl21,Rpl15,Rps4x,Rpl36,Rps23,Rps13,Rpl30,Rpl9,Rpl4,Rpl34,Rpl31,Rpl6,Rpl13a,Rps25,Rpl14,Rpl19,Rpl11
CD8 naive	TRUE	1.2137402521564332e-28	66	126	31	0.24603174603174602	0.4696969696969697	GO:0015935	GO:CC	small ribosomal subunit	4951	710	Rps20,Rps24,Rps28,Rps19,Rps7,Rps18,Rps10,Rps15a,Rps29,Rps12,Rps9,Rps5,Rps16,Rps26,Rps27a,Rpsa,Rps21,Rps3,Rps6,Rps8,Rps17,Rps15,Rps2,Rack1,Rps3a1,Rps14,Npm1,Rps4x,Rps23,Rps13,Rps25
CD8 naive	TRUE	6.044325078923688e-28	51	126	28	0.2222222222222222	0.5490196078431373	REAC:R-MMU-72695	REAC	Formation of the ternary complex, and subsequently, the 43S complex	4951	519	Rps20,Rps24,Rps28,Rps19,Rps7,Rps18,Rps10,Rps15a,Rps29,Rps12,Rps9,Rps5,Rps16,Rps26,Rpsa,Rps21,Rps3,Rps6,Rps8,Rps17,Rps15,Rps2,Rps3a1,Rps14,Rps4x,Rps23,Rps13,Rps25
CD8 naive	TRUE	7.788274259346735e-26	58	126	28	0.2222222222222222	0.4827586206896552	REAC:R-MMU-72702	REAC	Ribosomal scanning and start codon recognition	4951	1319	Rps20,Rps24,Rps28,Rps19,Rps7,Rps18,Rps10,Rps15a,Rps29,Rps12,Rps9,Rps5,Rps16,Rps26,Rpsa,Rps21,Rps3,Rps6,Rps8,Rps17,Rps15,Rps2,Rps3a1,Rps14,Rps4x,Rps23,Rps13,Rps25
CD8 naive	TRUE	7.788274259346735e-26	58	126	28	0.2222222222222222	0.4827586206896552	REAC:R-MMU-72662	REAC	Activation of the mRNA upon binding of the cap-binding complex and eIFs, and subsequent binding to 43S	4951	71	Rps20,Rps24,Rps28,Rps19,Rps7,Rps18,Rps10,Rps15a,Rps29,Rps12,Rps9,Rps5,Rps16,Rps26,Rpsa,Rps21,Rps3,Rps6,Rps8,Rps17,Rps15,Rps2,Rps3a1,Rps14,Rps4x,Rps23,Rps13,Rps25
CD8 naive	TRUE	7.788274259346735e-26	58	126	28	0.2222222222222222	0.4827586206896552	REAC:R-MMU-72649	REAC	Translation initiation complex formation	4951	1621	Rps20,Rps24,Rps28,Rps19,Rps7,Rps18,Rps10,Rps15a,Rps29,Rps12,Rps9,Rps5,Rps16,Rps26,Rpsa,Rps21,Rps3,Rps6,Rps8,Rps17,Rps15,Rps2,Rps3a1,Rps14,Rps4x,Rps23,Rps13,Rps25
CD8 naive	TRUE	6.954843410781739e-20	42	126	20	0.15873015873015872	0.47619047619047616	CORUM:3047	CORUM	Parvulin-associated pre-rRNP complex	4951	332	Rpl13,Rpl18a,Rps3,Rps6,Rpl5,Rps8,Rplp0,Rpl3,Rps3a1,Rpl26,Rpl18,Rpl8,Eef1g,Rpl15,Rps4x,Rpl4,Rpl6,Rpl13a,Rpl14,Rpl19
CD8 naive	TRUE	1.0743413831033373e-17	21	126	16	0.12698412698412698	0.7619047619047619	HP:0012133	HP	Erythroid hypoplasia	4951	8528	Rps20,Rps28,Rps19,Rps7,Rps10,Rps15a,Rps29,Rps26,Rps17,Rpl26,Rpl18,Rpl8,Rps14,Rpl35a,Rpl31,Rpl11
CD8 naive	TRUE	1.9981449883249783e-17	18	126	15	0.11904761904761904	0.8333333333333334	HP:4000209	HP	Abnormal erythrocyte adenosine deaminase activity	4951	17414	Rps20,Rps28,Rps19,Rps7,Rps10,Rps15a,Rps29,Rps26,Rps17,Rpl26,Rpl18,Rpl8,Rpl35a,Rpl31,Rpl11
CD8 naive	TRUE	1.9981449883249783e-17	18	126	15	0.11904761904761904	0.8333333333333334	HP:0040276	HP	Adenocarcinoma of the colon	4951	15251	Rps20,Rps28,Rps19,Rps7,Rps10,Rps15a,Rps29,Rps26,Rps17,Rpl26,Rpl18,Rpl8,Rpl35a,Rpl31,Rpl11
CD8 naive	TRUE	1.9981449883249783e-17	18	126	15	0.11904761904761904	0.8333333333333334	HP:0031640	HP	Abnormal radial artery morphology	4951	11690	Rps20,Rps28,Rps19,Rps7,Rps10,Rps15a,Rps29,Rps26,Rps17,Rpl26,Rpl18,Rpl8,Rpl35a,Rpl31,Rpl11
CD8 naive	TRUE	1.9981449883249783e-17	18	126	15	0.11904761904761904	0.8333333333333334	HP:0030270	HP	Elevated red cell adenosine deaminase activity	4951	10398	Rps20,Rps28,Rps19,Rps7,Rps10,Rps15a,Rps29,Rps26,Rps17,Rpl26,Rpl18,Rpl8,Rpl35a,Rpl31,Rpl11
CD8 naive	TRUE	1.9981449883249783e-17	18	126	15	0.11904761904761904	0.8333333333333334	HP:0020118	HP	Radial artery aplasia	4951	9354	Rps20,Rps28,Rps19,Rps7,Rps10,Rps15a,Rps29,Rps26,Rps17,Rpl26,Rpl18,Rpl8,Rpl35a,Rpl31,Rpl11
CD8 naive	TRUE	9.291028597187889e-17	19	126	15	0.11904761904761904	0.7894736842105263	HP:0005532	HP	Macrocytic dyserythropoietic anemia	4951	3737	Rps20,Rps28,Rps19,Rps7,Rps10,Rps15a,Rps29,Rps26,Rps17,Rpl26,Rpl18,Rpl8,Rpl35a,Rpl31,Rpl11
CD8 naive	TRUE	9.291028597187889e-17	19	126	15	0.11904761904761904	0.7894736842105263	HP:0001227	HP	Abnormality of the thenar eminence	4951	939	Rps20,Rps28,Rps19,Rps7,Rps10,Rps15a,Rps29,Rps26,Rps17,Rpl26,Rpl18,Rpl8,Rpl35a,Rpl31,Rpl11
CD8 naive	TRUE	1.0939090894893217e-16	50	126	21	0.16666666666666666	0.42	GO:0019843	GO:MF	rRNA binding	4951	3714	Rpl12,Rps18,Rpl23,Rps9,Rps5,Rps3,Rpl23a,Rpl5,Rpl17,Rplp0,Rpl37,Rpl3,Rpl8,Npm1,Rps4x,Rps13,Rpl9,Rpl4,Rpl6,Rpl19,Rpl11
CD8 naive	TRUE	1.283871464714867e-16	65	126	23	0.18253968253968253	0.35384615384615387	GO:0042274	GO:BP	ribosomal small subunit biogenesis	4951	10417	Rps24,Rps28,Rps19,Rps7,Rps15a,Rps12,Rps9,Rps5,Rps16,Rps27a,Rpsa,Rps21,Rps6,Rps8,Rps17,Rps15,Rps3a1,Rps14,Npm1,Rps4x,Rps23,Rps13,Rps25
CD8 naive	TRUE	3.638027619200707e-16	20	126	15	0.11904761904761904	0.75	HP:0040275	HP	Adenocarcinoma of the large intestine	4951	15250	Rps20,Rps28,Rps19,Rps7,Rps10,Rps15a,Rps29,Rps26,Rps17,Rpl26,Rpl18,Rpl8,Rpl35a,Rpl31,Rpl11
CD8 naive	TRUE	3.638027619200707e-16	20	126	15	0.11904761904761904	0.75	HP:0009999	HP	Partial duplication of the phalanx of hand	4951	6468	Rps20,Rps28,Rps19,Rps7,Rps10,Rps15a,Rps29,Rps26,Rps17,Rpl26,Rpl18,Rpl8,Rpl35a,Rpl31,Rpl11
CD8 naive	TRUE	3.638027619200707e-16	20	126	15	0.11904761904761904	0.75	HP:0009944	HP	Partial duplication of thumb phalanx	4951	6414	Rps20,Rps28,Rps19,Rps7,Rps10,Rps15a,Rps29,Rps26,Rps17,Rpl26,Rpl18,Rpl8,Rpl35a,Rpl31,Rpl11
CD8 naive	TRUE	1.2464511321426602e-15	21	126	15	0.11904761904761904	0.7142857142857143	HP:0001199	HP	Triphalangeal thumb	4951	927	Rps20,Rps28,Rps19,Rps7,Rps10,Rps15a,Rps29,Rps26,Rps17,Rpl26,Rpl18,Rpl8,Rpl35a,Rpl31,Rpl11
CD8 naive	TRUE	1.2464511321426602e-15	21	126	15	0.11904761904761904	0.7142857142857143	HP:0012410	HP	Pure red cell aplasia	4951	8797	Rps20,Rps28,Rps19,Rps7,Rps10,Rps15a,Rps29,Rps26,Rps17,Rpl26,Rpl18,Rpl8,Rpl35a,Rpl31,Rpl11
CD8 naive	TRUE	3.834777194679771e-15	22	126	15	0.11904761904761904	0.6818181818181818	HP:0030272	HP	Abnormal erythrocyte enzyme level	4951	10400	Rps20,Rps28,Rps19,Rps7,Rps10,Rps15a,Rps29,Rps26,Rps17,Rpl26,Rpl18,Rpl8,Rpl35a,Rpl31,Rpl11
CD8 naive	TRUE	3.834777194679771e-15	22	126	15	0.11904761904761904	0.6818181818181818	HP:0001896	HP	Reticulocytopenia	4951	1375	Rps20,Rps28,Rps19,Rps7,Rps10,Rps15a,Rps29,Rps26,Rps17,Rpl26,Rpl18,Rpl8,Rpl35a,Rpl31,Rpl11
CD8 naive	TRUE	1.0792380393216102e-14	23	126	15	0.11904761904761904	0.6521739130434783	HP:0011904	HP	Persistence of hemoglobin F	4951	8300	Rps20,Rps28,Rps19,Rps7,Rps10,Rps15a,Rps29,Rps26,Rps17,Rpl26,Rpl18,Rpl8,Rpl35a,Rpl31,Rpl11
CD8 naive	TRUE	1.0792380393216102e-14	23	126	15	0.11904761904761904	0.6521739130434783	HP:0006758	HP	Malignant genitourinary tract tumor	4951	4415	Rps20,Rps28,Rps19,Rps7,Rps10,Rps15a,Rps29,Rps26,Rps17,Rpl26,Rpl18,Rpl8,Rpl35a,Rpl31,Rpl11
CD8 naive	TRUE	1.0792380393216102e-14	23	126	15	0.11904761904761904	0.6521739130434783	HP:0040273	HP	Adenocarcinoma of the intestines	4951	15248	Rps20,Rps28,Rps19,Rps7,Rps10,Rps15a,Rps29,Rps26,Rps17,Rpl26,Rpl18,Rpl8,Rpl35a,Rpl31,Rpl11
CD8 naive	TRUE	1.3844212602616098e-14	28	126	16	0.12698412698412698	0.5714285714285714	HP:0012131	HP	Abnormal number of erythroid precursors	4951	8526	Rps20,Rps28,Rps19,Rps7,Rps10,Rps15a,Rps29,Rps26,Rps17,Rpl26,Rpl18,Rpl8,Rps14,Rpl35a,Rpl31,Rpl11
CD8 naive	TRUE	1.8184014921730992e-14	182	126	32	0.25396825396825395	0.17582417582417584	GO:0042254	GO:BP	ribosome biogenesis	4951	10405	Rps24,Rps28,Rps19,Rps7,Rps15a,Rps12,Rps9,Rps5,Rps16,Rpl38,Rps27a,Rpsa,Rps21,Rps6,Rpl23a,Rpl5,Rps8,Rps17,Rplp0,Rps15,Rps3a1,Rpl26,Rps14,Npm1,Rpl35a,Rps4x,Rps23,Rps13,Rpl6,Rps25,Rpl14,Rpl11
CD8 naive	TRUE	2.320041737847624e-14	242	126	36	0.2857142857142857	0.1487603305785124	GO:0098793	GO:CC	presynapse	4951	3256	Rpl12,Rps24,Rps28,Rpl13,Rpl23,Rps10,Rps15a,Rplp2,Rps12,Rps5,Rps16,Rps26,Rpl38,Rps27a,Rpl28,Rpl32,Rps6,Rpl23a,Rpl5,Rpl17,Rpl27a,Rpl37,Rpl26,Rpl37a,Rpl8,Rpl22,Rps14,Rpl35a,Rpl15,Rpl36,Rpl9,Rpl4,Rpl34,Rpl6,Rpl13a,Rpl14
CD8 naive	TRUE	2.8172426748939107e-14	24	126	15	0.11904761904761904	0.625	HP:0009942	HP	Duplication of thumb phalanx	4951	6412	Rps20,Rps28,Rps19,Rps7,Rps10,Rps15a,Rps29,Rps26,Rps17,Rpl26,Rpl18,Rpl8,Rpl35a,Rpl31,Rpl11
CD8 naive	TRUE	6.894480909072691e-14	25	126	15	0.11904761904761904	0.6	HP:0002669	HP	Osteosarcoma	4951	1934	Rps20,Rps28,Rps19,Rps7,Rps10,Rps15a,Rps29,Rps26,Rps17,Rpl26,Rpl18,Rpl8,Rpl35a,Rpl31,Rpl11
CD8 naive	TRUE	6.894480909072691e-14	25	126	15	0.11904761904761904	0.6	HP:0009777	HP	Absent thumb	4951	6272	Rps20,Rps28,Rps19,Rps7,Rps10,Rps15a,Rps29,Rps26,Rps17,Rpl26,Rpl18,Rpl8,Rpl35a,Rpl31,Rpl11
CD8 naive	TRUE	1.5952125917733257e-13	26	126	15	0.11904761904761904	0.5769230769230769	HP:0001087	HP	Developmental glaucoma	4951	852	Rps20,Rps28,Rps19,Rps7,Rps10,Rps15a,Rps29,Rps26,Rps17,Rpl26,Rpl18,Rpl8,Rpl35a,Rpl31,Rpl11
CD8 naive	TRUE	3.513471610155723e-13	27	126	15	0.11904761904761904	0.5555555555555556	HP:0001895	HP	Normochromic anemia	4951	1374	Rps20,Rps28,Rps19,Rps7,Rps10,Rps15a,Rps29,Rps26,Rps17,Rpl26,Rpl18,Rpl8,Rpl35a,Rpl31,Rpl11
CD8 naive	TRUE	1.7417298135110031e-12	49	126	18	0.14285714285714285	0.3673469387755102	GO:0032040	GO:CC	small-subunit processome	4951	1239	Rps24,Rps28,Rps19,Rps7,Rps15a,Rps12,Rps9,Rps5,Rps16,Rps27a,Rps6,Rps8,Rps17,Rps3a1,Rps14,Rps4x,Rps23,Rps13
CD8 naive	TRUE	2.940704336472535e-12	30	126	15	0.11904761904761904	0.5	HP:0001790	HP	Nonimmune hydrops fetalis	4951	1298	Rps20,Rps28,Rps19,Rps7,Rps10,Rps15a,Rps29,Rps26,Rps17,Rpl26,Rpl18,Rpl8,Rpl35a,Rpl31,Rpl11
CD8 naive	TRUE	2.940704336472535e-12	30	126	15	0.11904761904761904	0.5	HP:0009380	HP	Aplasia of the fingers	4951	5907	Rps20,Rps28,Rps19,Rps7,Rps10,Rps15a,Rps29,Rps26,Rps17,Rpl26,Rpl18,Rpl8,Rpl35a,Rpl31,Rpl11
CD8 naive	TRUE	2.940704336472535e-12	30	126	15	0.11904761904761904	0.5	HP:0000912	HP	Sprengel anomaly	4951	711	Rps20,Rps28,Rps19,Rps7,Rps10,Rps15a,Rps29,Rps26,Rps17,Rpl26,Rpl18,Rpl8,Rpl35a,Rpl31,Rpl11
CD8 naive	TRUE	4.839854458051866e-12	37	126	16	0.12698412698412698	0.43243243243243246	HP:0100273	HP	Neoplasm of the colon	4951	15816	Rps20,Rps28,Rps19,Rps7,Rps10,Rps15a,Rps29,Rps26,Rps17,Smad7,Rpl26,Rpl18,Rpl8,Rpl35a,Rpl31,Rpl11
CD8 naive	TRUE	5.077566204974495e-12	44	126	17	0.1349206349206349	0.38636363636363635	HP:0004808	HP	Acute myeloid leukemia	4951	3288	Rps20,Rps28,Rps19,Rps7,Rps10,Rps15a,Rps29,Rps26,Rps17,Rpl26,Rpl18,Rpl8,Rps14,Npm1,Rpl35a,Rpl31,Rpl11
CD8 naive	TRUE	5.577307241519143e-12	31	126	15	0.11904761904761904	0.4838709677419355	HP:0000185	HP	Cleft soft palate	4951	159	Rps20,Rps28,Rps19,Rps7,Rps10,Rps15a,Rps29,Rps26,Rps17,Rpl26,Rpl18,Rpl8,Rpl35a,Rpl31,Rpl11
CD8 naive	TRUE	1.3585271915511641e-11	39	126	16	0.12698412698412698	0.41025641025641024	HP:0001972	HP	Macrocytic anemia	4951	1437	Rps20,Rps28,Rps19,Rps7,Rps10,Rps15a,Rps29,Rps26,Rps17,Rpl26,Rpl18,Rpl8,Rps14,Rpl35a,Rpl31,Rpl11
CD8 naive	TRUE	1.8442813415507154e-11	33	126	15	0.11904761904761904	0.45454545454545453	HP:0005518	HP	Increased mean corpuscular volume	4951	3726	Rps20,Rps28,Rps19,Rps7,Rps10,Rps15a,Rps29,Rps26,Rps17,Rpl26,Rpl18,Rpl8,Rpl35a,Rpl31,Rpl11
CD8 naive	TRUE	2.2165864870354658e-11	40	126	16	0.12698412698412698	0.4	HP:0001894	HP	Thrombocytosis	4951	1373	Rps20,Rps28,Rps19,Rps7,Rps10,Rps15a,Rps29,Rps26,Rps17,Rpl26,Rpl18,Rpl8,Rps14,Rpl35a,Rpl31,Rpl11
CD8 naive	TRUE	3.23058452111893e-11	34	126	15	0.11904761904761904	0.4411764705882353	HP:0004312	HP	Abnormal reticulocyte morphology	4951	3009	Rps20,Rps28,Rps19,Rps7,Rps10,Rps15a,Rps29,Rps26,Rps17,Rpl26,Rpl18,Rpl8,Rpl35a,Rpl31,Rpl11
CD8 naive	TRUE	5.5340976872178735e-11	35	126	15	0.11904761904761904	0.42857142857142855	HP:0011902	HP	Abnormal hemoglobin	4951	8298	Rps20,Rps28,Rps19,Rps7,Rps10,Rps15a,Rps29,Rps26,Rps17,Rpl26,Rpl18,Rpl8,Rpl35a,Rpl31,Rpl11
CD8 naive	TRUE	9.28659998010687e-11	36	126	15	0.11904761904761904	0.4166666666666667	HP:0006749	HP	Malignant gastrointestinal tract tumors	4951	4410	Rps20,Rps28,Rps19,Rps7,Rps10,Rps15a,Rps29,Rps26,Rps17,Rpl26,Rpl18,Rpl8,Rpl35a,Rpl31,Rpl11
CD8 naive	TRUE	9.28659998010687e-11	36	126	15	0.11904761904761904	0.4166666666666667	HP:0002672	HP	Gastrointestinal carcinoma	4951	1936	Rps20,Rps28,Rps19,Rps7,Rps10,Rps15a,Rps29,Rps26,Rps17,Rpl26,Rpl18,Rpl8,Rpl35a,Rpl31,Rpl11
CD8 naive	TRUE	1.528838261713076e-10	37	126	15	0.11904761904761904	0.40540540540540543	HP:0025065	HP	Abnormal mean corpuscular volume	4951	9518	Rps20,Rps28,Rps19,Rps7,Rps10,Rps15a,Rps29,Rps26,Rps17,Rpl26,Rpl18,Rpl8,Rpl35a,Rpl31,Rpl11
CD8 naive	TRUE	2.514028300246917e-10	266	126	33	0.2619047619047619	0.12406015037593984	GO:0022613	GO:BP	ribonucleoprotein complex biogenesis	4951	6857	Rps24,Rps28,Rps19,Rps7,Rps15a,Rps12,Rps9,Rps5,Rps16,Rpl38,Rps27a,Rpsa,Rps21,Rps6,Rpl23a,Rpl5,Rps8,Rps17,Rplp0,Rps15,Rps3a1,Rpl26,Rps14,Npm1,Rpl35a,Rps4x,Rps23,Rps13,Rpl6,Rpl13a,Rps25,Rpl14,Rpl11
CD8 naive	TRUE	2.0023149242013805e-9	51	126	16	0.12698412698412698	0.3137254901960784	HP:0100834	HP	Neoplasm of the large intestine	4951	16336	Rps20,Rps28,Rps19,Rps7,Rps10,Rps15a,Rps29,Rps26,Rps17,Smad7,Rpl26,Rpl18,Rpl8,Rpl35a,Rpl31,Rpl11
CD8 naive	TRUE	4.9985684134530954e-9	73	126	18	0.14285714285714285	0.2465753424657534	GO:0030684	GO:CC	preribosome	4951	967	Rps24,Rps28,Rps19,Rps7,Rps15a,Rps12,Rps9,Rps5,Rps16,Rps27a,Rps6,Rps8,Rps17,Rps3a1,Rps14,Rps4x,Rps23,Rps13
CD8 naive	TRUE	6.893322819149007e-9	46	126	15	0.11904761904761904	0.32608695652173914	HP:0001789	HP	Hydrops fetalis	4951	1297	Rps20,Rps28,Rps19,Rps7,Rps10,Rps15a,Rps29,Rps26,Rps17,Rpl26,Rpl18,Rpl8,Rpl35a,Rpl31,Rpl11
CD8 naive	TRUE	7.62482619940362e-9	55	126	16	0.12698412698412698	0.2909090909090909	HP:0002863	HP	Myelodysplasia	4951	2070	Rps20,Rps28,Rps19,Rps7,Rps10,Rps15a,Rps29,Rps26,Rps17,Rpl26,Rpl18,Rpl8,Rps14,Rpl35a,Rpl31,Rpl11
CD8 naive	TRUE	1.16791496570075e-8	66	126	17	0.1349206349206349	0.25757575757575757	HP:0002488	HP	Acute leukemia	4951	1800	Rps20,Rps28,Rps19,Rps7,Rps10,Rps15a,Rps29,Rps26,Rps17,Rpl26,Rpl18,Rpl8,Rps14,Npm1,Rpl35a,Rpl31,Rpl11
CD8 naive	TRUE	1.4110279532911052e-8	48	126	15	0.11904761904761904	0.3125	HP:0001421	HP	Abnormality of the musculature of the hand	4951	1065	Rps20,Rps28,Rps19,Rps7,Rps10,Rps15a,Rps29,Rps26,Rps17,Rpl26,Rpl18,Rpl8,Rpl35a,Rpl31,Rpl11
CD8 naive	TRUE	1.9905234785825275e-8	49	126	15	0.11904761904761904	0.30612244897959184	HP:0009778	HP	Short thumb	4951	6273	Rps20,Rps28,Rps19,Rps7,Rps10,Rps15a,Rps29,Rps26,Rps17,Rpl26,Rpl18,Rpl8,Rpl35a,Rpl31,Rpl11
CD8 naive	TRUE	1.999992694971832e-8	68	126	17	0.1349206349206349	0.25	HP:0001882	HP	Leukopenia	4951	1363	Rps20,Rps28,Rps19,Rps7,Rps10,Rps15a,Rps29,Rps26,Rps17,Rpl26,Rpl18,Rpl8,Rps14,Npm1,Rpl35a,Rpl31,Rpl11
CD8 naive	TRUE	3.859785981108933e-8	51	126	15	0.11904761904761904	0.29411764705882354	HP:0010622	HP	Neoplasm of the skeletal system	4951	7062	Rps20,Rps28,Rps19,Rps7,Rps10,Rps15a,Rps29,Rps26,Rps17,Rpl26,Rpl18,Rpl8,Rpl35a,Rpl31,Rpl11
CD8 naive	TRUE	4.574230025182682e-8	61	126	16	0.12698412698412698	0.26229508196721313	HP:0000465	HP	Webbed neck	4951	352	Rps20,Rps28,Rps19,Rps7,Rps10,Rps15a,Rps29,Rps26,Rras2,Rps17,Rpl26,Rpl18,Rpl8,Rpl35a,Rpl31,Rpl11
CD8 naive	TRUE	4.844697275504125e-8	43	126	14	0.1111111111111111	0.32558139534883723	GO:0042255	GO:BP	ribosome assembly	4951	10406	Rps28,Rps19,Rps5,Rpl38,Rpsa,Rps6,Rpl23a,Rpl5,Rplp0,Rps15,Rps14,Rpl6,Rps25,Rpl11
CD8 naive	TRUE	1.322301671045544e-7	55	126	15	0.11904761904761904	0.2727272727272727	HP:0000980	HP	Pallor	4951	769	Rps20,Rps28,Rps19,Rps7,Rps10,Rps15a,Rps29,Rps26,Rps17,Rpl26,Rpl18,Rpl8,Rpl35a,Rpl31,Rpl11
CD8 naive	TRUE	1.7678395089753478e-7	56	126	15	0.11904761904761904	0.26785714285714285	HP:0000085	HP	Horseshoe kidney	4951	78	Rps20,Rps28,Rps19,Rps7,Rps10,Rps15a,Rps29,Rps26,Rps17,Rpl26,Rpl18,Rpl8,Rpl35a,Rpl31,Rpl11
CD8 naive	TRUE	1.965179477949336e-7	89	126	18	0.14285714285714285	0.20224719101123595	HP:0001909	HP	Leukemia	4951	1387	Rps20,Rps28,Rps19,Rps7,Rps10,Rps15a,Rps29,Rps26,Rras2,Rps17,Rpl26,Rpl18,Rpl8,Rps14,Npm1,Rpl35a,Rpl31,Rpl11
CD8 naive	TRUE	2.3484191525997349e-7	57	126	15	0.11904761904761904	0.2631578947368421	HP:0009601	HP	Aplasia/Hypoplasia of the thumb	4951	6116	Rps20,Rps28,Rps19,Rps7,Rps10,Rps15a,Rps29,Rps26,Rps17,Rpl26,Rpl18,Rpl8,Rpl35a,Rpl31,Rpl11
CD8 naive	TRUE	3.1005694306857e-7	58	126	15	0.11904761904761904	0.25862068965517243	HP:0000104	HP	Renal agenesis	4951	92	Rps20,Rps28,Rps19,Rps7,Rps10,Rps15a,Rps29,Rps26,Rps17,Rpl26,Rpl18,Rpl8,Rpl35a,Rpl31,Rpl11
CD8 naive	TRUE	3.1005694306857e-7	58	126	15	0.11904761904761904	0.25862068965517243	HP:0000519	HP	Developmental cataract	4951	397	Rps20,Rps28,Rps19,Rps7,Rps10,Rps15a,Rps29,Rps26,Rps17,Rpl26,Rpl18,Rpl8,Rpl35a,Rpl31,Rpl11
CD8 naive	TRUE	4.6172178631212254e-7	70	126	16	0.12698412698412698	0.22857142857142856	HP:0001680	HP	Coarctation of aorta	4951	1221	Rps20,Rps28,Rps19,Rps7,Rps10,Rps15a,Rps29,Rps26,Rras2,Rps17,Rpl26,Rpl18,Rpl8,Rpl35a,Rpl31,Rpl11
CD8 naive	TRUE	8.901467645520251e-7	62	126	15	0.11904761904761904	0.24193548387096775	HP:0009997	HP	Duplication of phalanx of hand	4951	6466	Rps20,Rps28,Rps19,Rps7,Rps10,Rps15a,Rps29,Rps26,Rps17,Rpl26,Rpl18,Rpl8,Rpl35a,Rpl31,Rpl11
CD8 naive	TRUE	8.901467645520251e-7	62	126	15	0.11904761904761904	0.24193548387096775	HP:0009142	HP	Duplication of bones involving the upper extremities	4951	5688	Rps20,Rps28,Rps19,Rps7,Rps10,Rps15a,Rps29,Rps26,Rps17,Rpl26,Rpl18,Rpl8,Rpl35a,Rpl31,Rpl11
CD8 naive	TRUE	8.901467645520251e-7	62	126	15	0.11904761904761904	0.24193548387096775	HP:0004275	HP	Duplication of hand bones	4951	2977	Rps20,Rps28,Rps19,Rps7,Rps10,Rps15a,Rps29,Rps26,Rps17,Rpl26,Rpl18,Rpl8,Rpl35a,Rpl31,Rpl11
CD8 naive	TRUE	1.1435700097446653e-6	63	126	15	0.11904761904761904	0.23809523809523808	HP:0000782	HP	Abnormal scapula morphology	4951	610	Rps20,Rps28,Rps19,Rps7,Rps10,Rps15a,Rps29,Rps26,Rps17,Rpl26,Rpl18,Rpl8,Rpl35a,Rpl31,Rpl11
CD8 naive	TRUE	1.7838281577761839e-6	88	126	17	0.1349206349206349	0.19318181818181818	HP:0010972	HP	Anemia of inadequate production	4951	7393	Rps20,Rps28,Rps19,Rps7,Rps10,Rps15a,Rps29,Rps26,Rps17,Rpl26,Rpl18,Rpl8,Rps14,Rpl35a,Il6st,Rpl31,Rpl11
CD8 naive	TRUE	2.699400259214067e-6	78	126	16	0.12698412698412698	0.20512820512820512	HP:0100242	HP	Sarcoma	4951	15785	Rps20,Rps28,Rps19,Rps7,Rps10,Rps15a,Rps29,Rps26,Rps17,Rpl26,Rpl18,Rpl8,Rpl35a,Il6st,Rpl31,Rpl11
CD8 naive	TRUE	2.971896402589354e-6	67	126	15	0.11904761904761904	0.22388059701492538	HP:0410030	HP	Cleft lip	4951	16592	Rps20,Rps28,Rps19,Rps7,Rps10,Rps15a,Rps29,Rps26,Rps17,Rpl26,Rpl18,Rpl8,Rpl35a,Rpl31,Rpl11
CD8 naive	TRUE	4.57152850591169e-6	150	126	21	0.16666666666666666	0.14	HP:0004377	HP	Hematological neoplasm	4951	3064	Bcl2,Rps20,Rps28,Rps19,Rps7,Rps10,Rps15a,Rps29,Rps26,Rras2,Rps17,Rpl26,Rpl18,Rpl8,Rps14,Npm1,Rpl35a,Foxp1,Il6st,Rpl31,Rpl11
CD8 naive	TRUE	4.667840164776006e-6	69	126	15	0.11904761904761904	0.21739130434782608	HP:0009602	HP	Abnormality of thumb phalanx	4951	6117	Rps20,Rps28,Rps19,Rps7,Rps10,Rps15a,Rps29,Rps26,Rps17,Rpl26,Rpl18,Rpl8,Rpl35a,Rpl31,Rpl11
CD8 naive	TRUE	8.922029249812239e-6	72	126	15	0.11904761904761904	0.20833333333333334	HP:0008551	HP	Microtia	4951	5396	Rps20,Rps28,Rps19,Rps7,Rps10,Rps15a,Rps29,Rps26,Rps17,Rpl26,Rpl18,Rpl8,Rpl35a,Rpl31,Rpl11
CD8 naive	TRUE	1.3152477900834903e-5	113	126	18	0.14285714285714285	0.1592920353982301	GO:0014069	GO:CC	postsynaptic density	4951	694	Rpl12,Rps19,Rps18,Tmem108,Rpl23,Rpl38,Rpl18a,Rps3,Rpl5,Rplp0,Rpl8,Rps14,Rps13,Rpl30,Rpl4,Rpl6,Rps25,Rpl14
CD8 naive	TRUE	1.4986689482956125e-5	100	126	17	0.1349206349206349	0.17	HP:0000501	HP	Glaucoma	4951	383	Rps20,Rps28,Rps19,Rps7,Rps10,Rps15a,Rps29,Rps26,Rps17,Rpl26,Rpl18,Rpl8,Rpl35a,Zeb1,Rpl31,Gtf2i,Rpl11
CD8 naive	TRUE	1.650915260891664e-5	75	126	15	0.11904761904761904	0.2	HP:0000294	HP	Low anterior hairline	4951	243	Rps20,Rps28,Rps19,Rps7,Rps10,Rps15a,Rps29,Rps26,Rps17,Rpl26,Rpl18,Rpl8,Rpl35a,Rpl31,Rpl11
CD8 naive	TRUE	1.8352580982190274e-5	88	126	16	0.12698412698412698	0.18181818181818182	HP:0100542	HP	Abnormal localization of kidney	4951	16074	Rps20,Rps28,Rps19,Rps7,Rps10,Rps15a,Rps29,Rps26,Rps17,Rpl26,Rpl18,Rpl8,Rpl35a,Rpl31,Gtf2i,Rpl11
CD8 naive	TRUE	3.067845347585986e-5	287	126	23	0.18253968253968253	0.08013937282229965	WP:WP310	WP	mRNA processing	4951	97	Rps20,Rpl12,Rps24,Rps28,Rps7,Rps29,Rpl39,Rps9,Rpl38,Rpl32,Rps6,Rpl37,Rpl26,Rpl8,Rpl22,Rps14,Npm1,Rps4x,Rps23,Rps13,Rpl9,Rpl19,Rpl11
CD8 naive	TRUE	3.096759596988398e-5	91	126	16	0.12698412698412698	0.17582417582417584	HP:0100736	HP	Abnormal soft palate morphology	4951	16249	Rps20,Rps28,Rps19,Rps7,Rps10,Rps15a,Rps29,Rps26,Rps17,Rpl26,Rpl18,Rpl8,Rpl35a,Rps23,Rpl31,Rpl11
CD8 naive	TRUE	3.1707048226788705e-5	119	126	18	0.14285714285714285	0.15126050420168066	GO:0032279	GO:CC	asymmetric synapse	4951	1282	Rpl12,Rps19,Rps18,Tmem108,Rpl23,Rpl38,Rpl18a,Rps3,Rpl5,Rplp0,Rpl8,Rps14,Rps13,Rpl30,Rpl4,Rpl6,Rps25,Rpl14
CD8 naive	TRUE	3.3207263081513845e-5	105	126	17	0.1349206349206349	0.1619047619047619	HP:0001875	HP	Neutropenia	4951	1356	Rps20,Rps28,Rps19,Rps7,Rps10,Rps15a,Rps29,Rps26,Rps17,Rpl26,Rpl18,Rpl8,Npm1,Rpl35a,Il6st,Rpl31,Rpl11
CD8 naive	TRUE	3.5831539245750324e-5	79	126	15	0.11904761904761904	0.189873417721519	HP:0001254	HP	Lethargy	4951	954	Rps20,Rps28,Rps19,Rps7,Rps10,Rps15a,Rps29,Rps26,Rps17,Rpl26,Rpl18,Rpl8,Rpl35a,Rpl31,Rpl11
CD8 naive	TRUE	3.905961067706201e-5	15	126	8	0.06349206349206349	0.5333333333333333	GO:0000028	GO:BP	ribosomal small subunit assembly	4951	14	Rps28,Rps19,Rps5,Rpsa,Rps6,Rps15,Rps14,Rps25
CD8 naive	TRUE	4.199932294335076e-5	121	126	18	0.14285714285714285	0.1487603305785124	GO:0099572	GO:CC	postsynaptic specialization	4951	3375	Rpl12,Rps19,Rps18,Tmem108,Rpl23,Rpl38,Rpl18a,Rps3,Rpl5,Rplp0,Rpl8,Rps14,Rps13,Rpl30,Rpl4,Rpl6,Rps25,Rpl14
CD8 naive	TRUE	4.3164741711752606e-5	80	126	15	0.11904761904761904	0.1875	HP:0008771	HP	Aplasia/Hypoplasia of the ear	4951	5509	Rps20,Rps28,Rps19,Rps7,Rps10,Rps15a,Rps29,Rps26,Rps17,Rpl26,Rpl18,Rpl8,Rpl35a,Rpl31,Rpl11
CD8 naive	TRUE	4.3164741711752606e-5	80	126	15	0.11904761904761904	0.1875	HP:0008772	HP	Aplasia/Hypoplasia of the external ear	4951	5510	Rps20,Rps28,Rps19,Rps7,Rps10,Rps15a,Rps29,Rps26,Rps17,Rpl26,Rpl18,Rpl8,Rpl35a,Rpl31,Rpl11
CD8 naive	TRUE	5.53143028357497e-5	123	126	18	0.14285714285714285	0.14634146341463414	GO:0006364	GO:BP	rRNA processing	4951	2163	Rps24,Rps28,Rps19,Rps7,Rps16,Rps21,Rps6,Rpl5,Rps8,Rps17,Rps15,Rpl26,Rps14,Npm1,Rpl35a,Rps25,Rpl14,Rpl11
CD8 naive	TRUE	5.53143028357497e-5	123	126	18	0.14285714285714285	0.14634146341463414	GO:0098984	GO:CC	neuron to neuron synapse	4951	3322	Rpl12,Rps19,Rps18,Tmem108,Rpl23,Rpl38,Rpl18a,Rps3,Rpl5,Rplp0,Rpl8,Rps14,Rps13,Rpl30,Rpl4,Rpl6,Rps25,Rpl14
CD8 naive	TRUE	8.125975597815658e-5	111	126	17	0.1349206349206349	0.15315315315315314	HP:0011991	HP	Abnormal neutrophil count	4951	8386	Rps20,Rps28,Rps19,Rps7,Rps10,Rps15a,Rps29,Rps26,Rps17,Rpl26,Rpl18,Rpl8,Npm1,Rpl35a,Il6st,Rpl31,Rpl11
CD8 naive	TRUE	8.125975597815658e-5	111	126	17	0.1349206349206349	0.15315315315315314	HP:0034058	HP	Abnormal fetal morphology	4951	14042	Rps20,Rps28,Rps19,Rps7,Rps10,Rps15a,Rps29,Rps26,Rras2,Rps17,Rpl26,Rpl18,Rpl8,Rpl35a,Rpl31,Gtf2i,Rpl11
CD8 naive	TRUE	1.1327622948162706e-4	99	126	16	0.12698412698412698	0.16161616161616163	HP:0008678	HP	Renal hypoplasia/aplasia	4951	5453	Rps20,Rps28,Rps19,Rps7,Rps10,Rps15a,Rps29,Rps26,Rps17,Rpl26,Rpl18,Rpl8,Rpl35a,Rpl31,Gtf2i,Rpl11
CD8 naive	TRUE	1.1327622948162706e-4	99	126	16	0.12698412698412698	0.16161616161616163	HP:0000599	HP	Abnormality of the frontal hairline	4951	464	Satb1,Rps20,Rps28,Rps19,Rps7,Rps10,Rps15a,Rps29,Rps26,Rps17,Rpl26,Rpl18,Rpl8,Rpl35a,Rpl31,Rpl11
CD8 naive	TRUE	1.2232627959909861e-4	129	126	18	0.14285714285714285	0.13953488372093023	HP:0001874	HP	Abnormality of neutrophils	4951	1355	Rps20,Rps28,Rps19,Rps7,Rps10,Rps15a,Rps29,Rps26,Rps17,Rpl26,Rpl18,Rpl8,Rps14,Npm1,Rpl35a,Il6st,Rpl31,Rpl11
CD8 naive	TRUE	1.5775142936115514e-4	131	126	18	0.14285714285714285	0.13740458015267176	HP:0032309	HP	Abnormal granulocyte count	4951	12320	Rps20,Rps28,Rps19,Rps7,Rps10,Rps15a,Rps29,Rps26,Rps17,Rpl26,Rpl18,Rpl8,Npm1,Rpl35a,Il6st,Rpl31,Bach2,Rpl11
CD8 naive	TRUE	1.738530764518975e-4	88	126	15	0.11904761904761904	0.17045454545454544	HP:0007379	HP	Neoplasm of the genitourinary tract	4951	4715	Rps20,Rps28,Rps19,Rps7,Rps10,Rps15a,Rps29,Rps26,Rps17,Rpl26,Rpl18,Rpl8,Rpl35a,Rpl31,Rpl11
CD8 naive	TRUE	1.782316788950211e-4	102	126	16	0.12698412698412698	0.1568627450980392	HP:0007700	HP	Ocular anterior segment dysgenesis	4951	4916	Rps20,Rps28,Rps19,Rps7,Rps10,Rps15a,Rps29,Rps26,Rps17,Rpl26,Rpl18,Rpl8,Rpl35a,Rpl31,Gtf2i,Rpl11
CD8 naive	TRUE	1.7881684622481265e-4	132	126	18	0.14285714285714285	0.13636363636363635	HP:0002250	HP	Abnormal large intestine morphology	4951	1658	Rps20,Rps28,Rps19,Rps7,Rps10,Rps15a,Rps29,Rps26,Rps17,Smad7,Rpl26,Rpl18,Rpl8,Rpl35a,Rpl31,Gtf2i,Bach2,Rpl11
CD8 naive	TRUE	2.0245438893618108e-4	133	126	18	0.14285714285714285	0.13533834586466165	GO:0016072	GO:BP	rRNA metabolic process	4951	5160	Rps24,Rps28,Rps19,Rps7,Rps16,Rps21,Rps6,Rpl5,Rps8,Rps17,Rps15,Rpl26,Rps14,Npm1,Rpl35a,Rps25,Rpl14,Rpl11
CD8 naive	TRUE	2.5056157850097467e-4	151	126	19	0.15079365079365079	0.12582781456953643	HP:0001911	HP	Abnormal granulocyte morphology	4951	1388	Rps20,Rps28,Rps19,Rps7,Rps10,Rps15a,Rps29,Rps26,Rps17,Rpl26,Rpl18,Rpl8,Rps14,Npm1,Rpl35a,Il6st,Rpl31,Bach2,Rpl11
CD8 naive	TRUE	2.759089166769471e-4	105	126	16	0.12698412698412698	0.1523809523809524	HP:0007378	HP	Neoplasm of the gastrointestinal tract	4951	4714	Rps20,Rps28,Rps19,Rps7,Rps10,Rps15a,Rps29,Rps26,Rps17,Smad7,Rpl26,Rpl18,Rpl8,Rpl35a,Rpl31,Rpl11
CD8 naive	TRUE	2.759089166769471e-4	105	126	16	0.12698412698412698	0.1523809523809524	HP:0034930	HP	Digestive system neoplasm	4951	14910	Rps20,Rps28,Rps19,Rps7,Rps10,Rps15a,Rps29,Rps26,Rps17,Smad7,Rpl26,Rpl18,Rpl8,Rpl35a,Rpl31,Rpl11
CD8 naive	TRUE	4.477141644765532e-4	94	126	15	0.11904761904761904	0.1595744680851064	HP:0001446	HP	Abnormality of the musculature of the upper limbs	4951	1080	Rps20,Rps28,Rps19,Rps7,Rps10,Rps15a,Rps29,Rps26,Rps17,Rpl26,Rpl18,Rpl8,Rpl35a,Rpl31,Rpl11
CD8 naive	TRUE	5.248591882676266e-4	141	126	18	0.14285714285714285	0.1276595744680851	HP:0011361	HP	Congenital abnormal hair pattern	4951	7766	Satb1,Rps20,Rps28,Rps19,Rps7,Rps10,Rps15a,Rps29,Rps26,Rras2,Rps17,Rpl26,Rpl18,Rpl8,Rpl35a,Foxp1,Rpl31,Rpl11
CD8 naive	TRUE	5.28385795205769e-4	125	126	17	0.1349206349206349	0.136	HP:0001172	HP	Abnormal thumb morphology	4951	912	Rps20,Rps28,Rps19,Rps7,Rps10,Rps15a,Rps29,Rps26,Rras2,Rps17,Rpl26,Rpl18,Rpl8,Rpl35a,Rpl31,Gtf2i,Rpl11
CD8 naive	TRUE	7.627231093712498e-4	128	126	17	0.1349206349206349	0.1328125	HP:0009553	HP	Abnormality of the hairline	4951	6070	Satb1,Rps20,Rps28,Rps19,Rps7,Rps10,Rps15a,Rps29,Rps26,Rras2,Rps17,Rpl26,Rpl18,Rpl8,Rpl35a,Rpl31,Rpl11
CD8 naive	TRUE	8.239606638835754e-4	145	126	18	0.14285714285714285	0.12413793103448276	HP:0001679	HP	Abnormal aortic morphology	4951	1220	Rps20,Rps28,Rps19,Rps7,Rps10,Rps15a,Rps29,Rps26,Rras2,Rps17,Rpl26,Rpl18,Rpl8,Dph5,Rpl35a,Rpl31,Gtf2i,Rpl11
CD8 naive	TRUE	0.001006855691728037	164	126	19	0.15079365079365079	0.11585365853658537	HP:0010974	HP	Abnormal myeloid leukocyte morphology	4951	7394	Rps20,Rps28,Rps19,Rps7,Rps10,Rps15a,Rps29,Rps26,Rps17,Rpl26,Rpl18,Rpl8,Rps14,Npm1,Rpl35a,Il6st,Rpl31,Bach2,Rpl11
CD8 naive	TRUE	0.0014149532297662768	102	126	15	0.11904761904761904	0.14705882352941177	HP:0001518	HP	Small for gestational age	4951	1118	Rps20,Rps28,Rps19,Rps7,Rps10,Rps15a,Rps29,Rps26,Rps17,Rpl26,Rpl18,Rpl8,Rpl35a,Rpl31,Rpl11
CD8 naive	TRUE	0.0014166815712805985	150	126	18	0.14285714285714285	0.12	HP:0010720	HP	Abnormal hair pattern	4951	7152	Satb1,Rps20,Rps28,Rps19,Rps7,Rps10,Rps15a,Rps29,Rps26,Rras2,Rps17,Rpl26,Rpl18,Rpl8,Rpl35a,Foxp1,Rpl31,Rpl11
CD8 naive	TRUE	0.0027970523605834853	193	126	20	0.15873015873015872	0.10362694300518134	HP:0011873	HP	Abnormal platelet count	4951	8269	Rps20,Rps28,Rps19,Rps7,Rps10,Rps15a,Rps29,Rps26,Rras2,Rps17,Rpl26,Rpl18,Rpl8,Actn1,Rps14,Npm1,Rpl35a,Il6st,Rpl31,Rpl11
CD8 naive	TRUE	0.0030531772148681092	194	126	20	0.15873015873015872	0.10309278350515463	HP:0011875	HP	Abnormal platelet morphology	4951	8271	Rps20,Rps28,Rps19,Rps7,Rps10,Rps15a,Rps29,Rps26,Rras2,Rps17,Rpl26,Rpl18,Rpl8,Actn1,Rps14,Npm1,Rpl35a,Il6st,Rpl31,Rpl11
CD8 naive	TRUE	0.003543628946801238	109	126	15	0.11904761904761904	0.13761467889908258	HP:0009381	HP	Short finger	4951	5908	Rps20,Rps28,Rps19,Rps7,Rps10,Rps15a,Rps29,Rps26,Rps17,Rpl26,Rpl18,Rpl8,Rpl35a,Rpl31,Rpl11
CD8 naive	TRUE	0.0038738954778309246	178	126	19	0.15079365079365079	0.10674157303370786	HP:0001873	HP	Thrombocytopenia	4951	1354	Rps20,Rps28,Rps19,Rps7,Rps10,Rps15a,Rps29,Rps26,Rras2,Rps17,Rpl26,Rpl18,Rpl8,Actn1,Npm1,Rpl35a,Il6st,Rpl31,Rpl11
CD8 naive	TRUE	0.004606784782190451	17	126	7	0.05555555555555555	0.4117647058823529	GO:1901798	GO:BP	positive regulation of signal transduction by p53 class mediator	4951	22276	Rps20,Rps7,Rpl23,Rpl37,Rps15,Rpl26,Rpl11
CD8 naive	TRUE	0.004606784782190451	17	126	7	0.05555555555555555	0.4117647058823529	GO:0055106	GO:MF	ubiquitin-protein transferase regulator activity	4951	8376	Rps20,Rps7,Rpl23,Rpl5,Rpl37,Rps15,Rpl11
CD8 naive	TRUE	0.005024636783871922	128	126	16	0.12698412698412698	0.125	HP:0011792	HP	Neoplasm by histology	4951	8191	Rps20,Rps28,Rps19,Rps7,Rps10,Rps15a,Rps29,Rps26,Rps17,Rpl26,Rpl18,Rpl8,Rpl35a,Il6st,Rpl31,Rpl11
CD8 naive	TRUE	0.007707904696923598	205	126	20	0.15873015873015872	0.0975609756097561	HP:0001872	HP	Abnormality of thrombocytes	4951	1353	Rps20,Rps28,Rps19,Rps7,Rps10,Rps15a,Rps29,Rps26,Rras2,Rps17,Rpl26,Rpl18,Rpl8,Actn1,Rps14,Npm1,Rpl35a,Il6st,Rpl31,Rpl11
CD8 naive	TRUE	0.009623027065405488	134	126	16	0.12698412698412698	0.11940298507462686	HP:0000470	HP	Short neck	4951	356	Rps20,Rps28,Rps19,Rps7,Rps10,Rps15a,Rps29,Rps26,Rps17,Rpl26,Rpl18,Rpl8,Rpl35a,Il6st,Rpl31,Rpl11
CD8 naive	TRUE	0.010402575883412243	118	126	15	0.11904761904761904	0.1271186440677966	HP:0006265	HP	Aplasia/Hypoplasia of fingers	4951	4103	Rps20,Rps28,Rps19,Rps7,Rps10,Rps15a,Rps29,Rps26,Rps17,Rpl26,Rpl18,Rpl8,Rpl35a,Rpl31,Rpl11
CD8 naive	TRUE	0.011980213616208261	172	126	18	0.14285714285714285	0.10465116279069768	GO:0034470	GO:BP	ncRNA processing	4951	8945	Rps24,Rps28,Rps19,Rps7,Rps16,Rps21,Rps6,Rpl5,Rps8,Rps17,Rps15,Rpl26,Rps14,Npm1,Rpl35a,Rps25,Rpl14,Rpl11
CD8 naive	TRUE	0.013030406355962344	120	126	15	0.11904761904761904	0.125	GO:0022618	GO:BP	protein-RNA complex assembly	4951	6862	Rps28,Rps19,Rps5,Rpl38,Rpsa,Rps6,Rpl23a,Rpl5,Rplp0,Rps15,Rps14,Rpl6,Rpl13a,Rps25,Rpl11
CD8 naive	TRUE	0.013065016036114905	192	126	19	0.15079365079365079	0.09895833333333333	HP:0001629	HP	Ventricular septal defect	4951	1182	Satb1,Rps20,Rps28,Rps19,Rps7,Rps10,Rps15a,Rps29,Rps26,Rras2,Rps17,Rpl26,Rpl18,Rpl8,Dph5,Rpl35a,Rpl31,Gtf2i,Rpl11
CD8 naive	TRUE	0.02123355680827578	198	126	19	0.15079365079365079	0.09595959595959595	HP:0010438	HP	Abnormal ventricular septum morphology	4951	6895	Satb1,Rps20,Rps28,Rps19,Rps7,Rps10,Rps15a,Rps29,Rps26,Rras2,Rps17,Rpl26,Rpl18,Rpl8,Dph5,Rpl35a,Rpl31,Gtf2i,Rpl11
CD8 naive	TRUE	0.02242195103079561	125	126	15	0.11904761904761904	0.12	GO:0071826	GO:BP	protein-RNA complex organization	4951	17435	Rps28,Rps19,Rps5,Rpl38,Rpsa,Rps6,Rpl23a,Rpl5,Rplp0,Rps15,Rps14,Rpl6,Rpl13a,Rps25,Rpl11
CD8 naive	TRUE	0.022785607921211315	78	126	12	0.09523809523809523	0.15384615384615385	GO:0046632	GO:BP	alpha-beta T cell differentiation	4951	12675	Txk,Bcl2,Satb1,Lef1,Myb,Ccr7,Smad7,Fosl2,Rpl22,Tcf7,Gpr18,Foxp1
CD8 naive	TRUE	0.029624288257481403	41	126	9	0.07142857142857142	0.21951219512195122	GO:1901796	GO:BP	regulation of signal transduction by p53 class mediator	4951	22274	Rps20,Rps7,Rpl23,Rpl5,Rpl37,Rps15,Rpl26,Npm1,Rpl11
CD8 naive	TRUE	0.030713533115793886	164	126	17	0.1349206349206349	0.10365853658536585	HP:0000795	HP	Abnormality of the urethra	4951	618	Rps20,Rps28,Rps19,Rps7,Rps10,Rps15a,Rps29,Rps26,Rps17,Rpl26,Rpl18,Rpl8,Npm1,Rpl35a,Rpl31,Gtf2i,Rpl11
CD8 naive	TRUE	0.03759497463694612	113	126	14	0.1111111111111111	0.12389380530973451	GO:0046631	GO:BP	alpha-beta T cell activation	4951	12674	Xcl1,Txk,Bcl2,Satb1,Lef1,Myb,Ccr7,Dapl1,Smad7,Fosl2,Rpl22,Tcf7,Gpr18,Foxp1
CD8 naive	TRUE	0.03902518719840943	186	126	18	0.14285714285714285	0.0967741935483871	HP:0000431	HP	Wide nasal bridge	4951	331	Rps20,Rps28,Rps19,Rps7,Rps10,Rps15a,Rps29,Rps26,Rps17,Rpl26,Rpl18,Rpl8,Dph5,Rpl35a,Il6st,Rpl31,Gtf2i,Rpl11
CD8 naive	TRUE	0.04698962736482646	229	126	20	0.15873015873015872	0.08733624454148471	HP:0011893	HP	Abnormal leukocyte count	4951	8289	Rps20,Rps28,Rps19,Rps7,Rps10,Rps15a,Rps29,Rps26,Rras2,Rps17,Rpl26,Rpl18,Rpl8,Rps14,Npm1,Rpl35a,Il6st,Rpl31,Bach2,Rpl11
